Assay,AD-S_1pg_vs_Ctrl-S_1pg,AD-S_5pg_vs_Ctrl-S_5pg,AD-S_10pg_vs_Ctrl-S_10pg,AD_20pg_vs_Ctrl-S_20pg,AD-S_40pg_vs_Ctrl-S_40pg,n_comparisons,tau protein
ABI3BP,TRUE,TRUE,TRUE,FALSE,TRUE,4,FALSE
ABL1,FALSE,TRUE,FALSE,TRUE,TRUE,3,FALSE
ACAA1,FALSE,FALSE,FALSE,FALSE,TRUE,1,FALSE
ACAN,FALSE,FALSE,TRUE,FALSE,FALSE,1,FALSE
ACE2,FALSE,FALSE,FALSE,FALSE,TRUE,1,FALSE
ACP1,FALSE,FALSE,FALSE,FALSE,FALSE,0,FALSE
ACP3,TRUE,FALSE,TRUE,FALSE,TRUE,3,FALSE
ACP6,FALSE,FALSE,FALSE,FALSE,FALSE,0,FALSE
ACRV1,FALSE,FALSE,TRUE,TRUE,FALSE,2,FALSE
ACVRL1,TRUE,FALSE,FALSE,FALSE,TRUE,2,FALSE
ACY3,FALSE,TRUE,TRUE,FALSE,TRUE,3,FALSE
ADA,TRUE,TRUE,TRUE,TRUE,TRUE,5,FALSE
ADAM12,FALSE,FALSE,FALSE,TRUE,TRUE,2,FALSE
ADAM15,FALSE,TRUE,TRUE,TRUE,FALSE,3,FALSE
ADAM22,FALSE,TRUE,TRUE,TRUE,FALSE,3,FALSE
ADAM23,FALSE,TRUE,TRUE,TRUE,TRUE,4,FALSE
ADAM8,FALSE,FALSE,FALSE,FALSE,FALSE,0,FALSE
ADAMTS1,TRUE,TRUE,TRUE,TRUE,TRUE,5,FALSE
ADAMTS15,FALSE,FALSE,FALSE,FALSE,FALSE,0,FALSE
ADAMTSL4,FALSE,FALSE,FALSE,FALSE,TRUE,1,FALSE
ADGRB1,FALSE,FALSE,FALSE,FALSE,FALSE,0,FALSE
ADGRB3,FALSE,FALSE,TRUE,FALSE,TRUE,2,FALSE
ADGRE1,FALSE,TRUE,TRUE,FALSE,TRUE,3,FALSE
ADGRE3,FALSE,FALSE,FALSE,TRUE,TRUE,2,FALSE
ADGRG3,TRUE,FALSE,TRUE,FALSE,TRUE,3,FALSE
ADH4,FALSE,FALSE,FALSE,FALSE,FALSE,0,FALSE
ADM,TRUE,FALSE,FALSE,TRUE,TRUE,3,FALSE
ADSL,TRUE,FALSE,FALSE,TRUE,TRUE,3,FALSE
AFAP1L1,TRUE,TRUE,FALSE,TRUE,TRUE,4,FALSE
AFAP1L2,TRUE,FALSE,FALSE,FALSE,TRUE,2,TRUE
AGR2,TRUE,FALSE,TRUE,FALSE,TRUE,3,TRUE
AGRP,TRUE,FALSE,FALSE,FALSE,FALSE,1,FALSE
AHNAK,TRUE,TRUE,FALSE,FALSE,TRUE,3,FALSE
AHNAK2,TRUE,FALSE,FALSE,TRUE,TRUE,3,FALSE
AHSA1,FALSE,FALSE,FALSE,FALSE,FALSE,0,FALSE
AIF1,FALSE,FALSE,FALSE,FALSE,FALSE,0,FALSE
AKAP2,FALSE,FALSE,FALSE,FALSE,FALSE,0,FALSE
AKAP8,FALSE,TRUE,TRUE,TRUE,TRUE,4,FALSE
AKT1S1,FALSE,FALSE,FALSE,FALSE,FALSE,0,FALSE
AKT2,FALSE,FALSE,FALSE,FALSE,FALSE,0,FALSE
AKT3,FALSE,FALSE,TRUE,FALSE,FALSE,1,FALSE
ALDH3A1,FALSE,FALSE,TRUE,FALSE,FALSE,1,FALSE
ALK,FALSE,TRUE,TRUE,FALSE,FALSE,2,FALSE
ALPI,FALSE,FALSE,FALSE,TRUE,TRUE,2,FALSE
AMDHD1,TRUE,FALSE,TRUE,FALSE,TRUE,3,FALSE
AMIGO2,FALSE,TRUE,FALSE,TRUE,TRUE,3,FALSE
ANKMY2,FALSE,FALSE,FALSE,FALSE,FALSE,0,FALSE
ANKRD11,TRUE,TRUE,TRUE,TRUE,TRUE,5,FALSE
ANP32E,FALSE,FALSE,FALSE,FALSE,FALSE,0,FALSE
ANXA10,FALSE,FALSE,FALSE,FALSE,FALSE,0,FALSE
ANXA2,TRUE,TRUE,FALSE,TRUE,TRUE,4,FALSE
AOC1,FALSE,FALSE,TRUE,FALSE,FALSE,1,FALSE
AP3B1,FALSE,TRUE,TRUE,TRUE,TRUE,4,FALSE
APBB1IP,FALSE,FALSE,FALSE,FALSE,FALSE,0,FALSE
APEX1,TRUE,TRUE,FALSE,TRUE,TRUE,4,FALSE
APIP,FALSE,FALSE,FALSE,FALSE,FALSE,0,FALSE
ARG1,FALSE,TRUE,TRUE,TRUE,FALSE,3,FALSE
ARHGEF12,TRUE,FALSE,TRUE,TRUE,TRUE,4,FALSE
ARHGEF2,FALSE,TRUE,TRUE,TRUE,TRUE,4,FALSE
ASGR1,TRUE,TRUE,FALSE,TRUE,TRUE,4,FALSE
ASPSCR1,FALSE,FALSE,FALSE,FALSE,FALSE,0,FALSE
ASS1,FALSE,FALSE,FALSE,FALSE,FALSE,0,FALSE
ATAD3B,FALSE,TRUE,TRUE,TRUE,TRUE,4,FALSE
ATE1,FALSE,FALSE,FALSE,FALSE,FALSE,0,TRUE
ATF1,TRUE,TRUE,TRUE,TRUE,TRUE,5,FALSE
ATF2,FALSE,TRUE,TRUE,TRUE,TRUE,4,FALSE
ATG16L1,FALSE,FALSE,FALSE,FALSE,FALSE,0,FALSE
ATOX1,FALSE,FALSE,FALSE,FALSE,FALSE,0,FALSE
ATP6AP2,FALSE,TRUE,TRUE,FALSE,TRUE,3,FALSE
ATP6V0D1,FALSE,FALSE,FALSE,FALSE,FALSE,0,FALSE
ATP6V1F,FALSE,FALSE,FALSE,FALSE,FALSE,0,FALSE
ATP6V1G1,FALSE,FALSE,FALSE,FALSE,FALSE,0,FALSE
ATP6V1G2,FALSE,FALSE,FALSE,FALSE,FALSE,0,FALSE
ATRAID,FALSE,FALSE,FALSE,FALSE,FALSE,0,FALSE
ATXN3,FALSE,FALSE,FALSE,FALSE,FALSE,0,FALSE
AXIN1,TRUE,TRUE,TRUE,TRUE,TRUE,5,FALSE
AZI2,TRUE,TRUE,TRUE,TRUE,TRUE,5,FALSE
B3GNT7,TRUE,FALSE,TRUE,FALSE,FALSE,2,FALSE
BACE1,FALSE,FALSE,FALSE,FALSE,FALSE,0,FALSE
BACH1,FALSE,FALSE,FALSE,FALSE,FALSE,0,FALSE
BAG4,FALSE,FALSE,FALSE,FALSE,FALSE,0,FALSE
BAG5,FALSE,FALSE,FALSE,FALSE,FALSE,0,FALSE
BAG6,FALSE,FALSE,FALSE,FALSE,FALSE,0,FALSE
BAIAP2,FALSE,FALSE,FALSE,FALSE,FALSE,0,FALSE
BANK1,FALSE,FALSE,FALSE,FALSE,FALSE,0,FALSE
BAX,FALSE,FALSE,FALSE,FALSE,FALSE,0,FALSE
BCAN,FALSE,FALSE,FALSE,FALSE,FALSE,0,FALSE
BCL2,TRUE,FALSE,TRUE,TRUE,TRUE,4,FALSE
BCL2L1,FALSE,FALSE,TRUE,FALSE,FALSE,1,FALSE
BCL2L15,TRUE,FALSE,TRUE,TRUE,TRUE,4,FALSE
BCR,FALSE,FALSE,TRUE,FALSE,TRUE,2,FALSE
BGN,TRUE,TRUE,FALSE,TRUE,FALSE,3,FALSE
BLNK,TRUE,TRUE,FALSE,TRUE,TRUE,4,TRUE
BMP4,FALSE,FALSE,TRUE,FALSE,FALSE,1,FALSE
BMP6,TRUE,TRUE,FALSE,FALSE,FALSE,2,FALSE
BMP7,TRUE,TRUE,FALSE,TRUE,FALSE,3,FALSE
BNIP3L,FALSE,FALSE,FALSE,FALSE,TRUE,1,FALSE
BOC,TRUE,FALSE,FALSE,TRUE,TRUE,3,FALSE
BOLA2,FALSE,FALSE,FALSE,FALSE,FALSE,0,FALSE
BPIFA2,FALSE,FALSE,FALSE,FALSE,FALSE,0,FALSE
BRD2,TRUE,TRUE,TRUE,TRUE,TRUE,5,FALSE
BSG,FALSE,FALSE,FALSE,FALSE,FALSE,0,FALSE
BTC,TRUE,TRUE,TRUE,FALSE,TRUE,4,FALSE
BTLA,FALSE,TRUE,TRUE,TRUE,TRUE,4,FALSE
BTN1A1,FALSE,FALSE,FALSE,TRUE,TRUE,2,FALSE
BTN3A2,FALSE,FALSE,FALSE,FALSE,FALSE,0,FALSE
BTNL9,FALSE,FALSE,FALSE,FALSE,FALSE,0,FALSE
C16orf89,FALSE,FALSE,FALSE,FALSE,FALSE,0,FALSE
C1QA,FALSE,FALSE,FALSE,FALSE,FALSE,0,FALSE
C1QL2,FALSE,TRUE,TRUE,TRUE,FALSE,3,FALSE
C1QTNF6,FALSE,TRUE,FALSE,FALSE,TRUE,2,FALSE
C4BPB,FALSE,FALSE,TRUE,TRUE,TRUE,3,TRUE
C8orf34,FALSE,FALSE,TRUE,FALSE,FALSE,1,FALSE
C9orf40,FALSE,FALSE,FALSE,FALSE,FALSE,0,FALSE
CA12,FALSE,FALSE,FALSE,TRUE,FALSE,1,FALSE
CA14,FALSE,FALSE,FALSE,FALSE,FALSE,0,FALSE
CA9,FALSE,FALSE,FALSE,TRUE,FALSE,1,FALSE
CALCA,FALSE,TRUE,TRUE,TRUE,TRUE,4,FALSE
CALCB,TRUE,FALSE,FALSE,TRUE,FALSE,2,FALSE
CALCOCO1,FALSE,FALSE,TRUE,TRUE,TRUE,3,FALSE
CALCOCO2,TRUE,FALSE,FALSE,FALSE,FALSE,1,FALSE
CALML4,TRUE,TRUE,TRUE,TRUE,TRUE,5,TRUE
CAMK4,FALSE,FALSE,FALSE,FALSE,FALSE,0,FALSE
CAMSAP1,TRUE,TRUE,TRUE,TRUE,TRUE,5,FALSE
CAPG,FALSE,TRUE,FALSE,FALSE,FALSE,1,FALSE
CAPN3,FALSE,FALSE,TRUE,FALSE,FALSE,1,FALSE
CAPS,FALSE,TRUE,TRUE,TRUE,TRUE,4,TRUE
CASP1,FALSE,TRUE,FALSE,FALSE,FALSE,1,FALSE
CASP10,FALSE,FALSE,FALSE,FALSE,FALSE,0,FALSE
CASP2,TRUE,FALSE,FALSE,FALSE,FALSE,1,FALSE
CASP4,FALSE,FALSE,FALSE,FALSE,FALSE,0,FALSE
CASP7,FALSE,FALSE,TRUE,FALSE,FALSE,1,FALSE
CASP8,TRUE,TRUE,FALSE,FALSE,TRUE,3,FALSE
CASP9,FALSE,FALSE,FALSE,FALSE,FALSE,0,FALSE
CAST,FALSE,FALSE,FALSE,FALSE,TRUE,1,FALSE
CBLB,TRUE,TRUE,TRUE,TRUE,TRUE,5,FALSE
CBLN4,FALSE,TRUE,TRUE,TRUE,TRUE,4,FALSE
CBS,FALSE,FALSE,TRUE,FALSE,FALSE,1,FALSE
CC2D1A,FALSE,FALSE,FALSE,TRUE,FALSE,1,TRUE
CCAR1,FALSE,FALSE,FALSE,TRUE,FALSE,1,FALSE
CCER2,FALSE,FALSE,TRUE,FALSE,TRUE,2,FALSE
CCK,FALSE,TRUE,FALSE,TRUE,TRUE,3,FALSE
CCL11,FALSE,FALSE,TRUE,FALSE,FALSE,1,FALSE
CCL19,FALSE,TRUE,TRUE,FALSE,TRUE,3,FALSE
CCL2,FALSE,FALSE,FALSE,TRUE,TRUE,2,FALSE
CCL20,FALSE,FALSE,TRUE,FALSE,TRUE,2,FALSE
CCL23,TRUE,TRUE,TRUE,FALSE,TRUE,4,FALSE
CCL25,FALSE,FALSE,TRUE,FALSE,FALSE,1,TRUE
CCL26,TRUE,FALSE,TRUE,FALSE,FALSE,2,FALSE
CCL28,FALSE,FALSE,FALSE,FALSE,FALSE,0,FALSE
CCL3,FALSE,TRUE,TRUE,FALSE,FALSE,2,FALSE
CCL4,FALSE,TRUE,TRUE,TRUE,TRUE,4,FALSE
CCL7,FALSE,FALSE,FALSE,TRUE,FALSE,1,FALSE
CCL8,FALSE,TRUE,TRUE,TRUE,TRUE,4,FALSE
CCN1,FALSE,TRUE,TRUE,TRUE,TRUE,4,FALSE
CCN4,FALSE,TRUE,TRUE,TRUE,TRUE,4,FALSE
CCND1,TRUE,FALSE,FALSE,TRUE,TRUE,3,FALSE
CD101,FALSE,TRUE,FALSE,TRUE,TRUE,3,FALSE
CD160,TRUE,FALSE,TRUE,FALSE,FALSE,2,FALSE
CD200,FALSE,FALSE,FALSE,FALSE,FALSE,0,FALSE
CD200R1,FALSE,FALSE,FALSE,TRUE,TRUE,2,FALSE
CD207,TRUE,FALSE,FALSE,TRUE,FALSE,2,FALSE
CD22,TRUE,TRUE,FALSE,TRUE,FALSE,3,FALSE
CD226,TRUE,TRUE,FALSE,FALSE,FALSE,2,FALSE
CD244,TRUE,TRUE,FALSE,TRUE,TRUE,4,FALSE
CD274,TRUE,FALSE,TRUE,FALSE,FALSE,2,FALSE
CD28,FALSE,FALSE,FALSE,FALSE,FALSE,0,FALSE
CD300E,FALSE,TRUE,FALSE,FALSE,FALSE,1,FALSE
CD300LB,FALSE,FALSE,FALSE,FALSE,FALSE,0,FALSE
CD302,FALSE,FALSE,TRUE,FALSE,FALSE,1,TRUE
CD33,FALSE,FALSE,TRUE,FALSE,FALSE,1,FALSE
CD38,FALSE,FALSE,FALSE,TRUE,FALSE,1,FALSE
CD4,FALSE,FALSE,TRUE,TRUE,TRUE,3,FALSE
CD40LG,FALSE,FALSE,TRUE,TRUE,TRUE,3,FALSE
CD5,FALSE,FALSE,FALSE,FALSE,FALSE,0,FALSE
CD6,FALSE,TRUE,FALSE,FALSE,TRUE,2,FALSE
CD63,FALSE,FALSE,FALSE,FALSE,FALSE,0,FALSE
CD7,TRUE,FALSE,TRUE,FALSE,FALSE,2,FALSE
CD70,FALSE,FALSE,FALSE,TRUE,TRUE,2,FALSE
CD79B,TRUE,FALSE,TRUE,TRUE,TRUE,4,FALSE
CD83,FALSE,FALSE,TRUE,TRUE,FALSE,2,FALSE
CD84,FALSE,FALSE,FALSE,FALSE,FALSE,0,FALSE
CD86,TRUE,TRUE,FALSE,TRUE,TRUE,4,FALSE
CDC26,FALSE,TRUE,TRUE,TRUE,TRUE,4,FALSE
CDCP1,TRUE,TRUE,FALSE,TRUE,TRUE,4,FALSE
CDH3,FALSE,FALSE,FALSE,FALSE,FALSE,0,FALSE
CDKN1A,FALSE,FALSE,FALSE,FALSE,FALSE,0,TRUE
CDNF,TRUE,FALSE,FALSE,FALSE,FALSE,1,FALSE
CDSN,TRUE,FALSE,TRUE,TRUE,FALSE,3,FALSE
CEACAM16,TRUE,FALSE,FALSE,TRUE,FALSE,2,FALSE
CEACAM19,FALSE,FALSE,FALSE,FALSE,FALSE,0,FALSE
CEACAM21,FALSE,FALSE,TRUE,TRUE,TRUE,3,FALSE
CEACAM3,FALSE,FALSE,TRUE,FALSE,FALSE,1,FALSE
CEACAM5,FALSE,FALSE,TRUE,TRUE,TRUE,3,FALSE
CEACAM8,TRUE,FALSE,FALSE,FALSE,FALSE,1,FALSE
CEBPA,FALSE,FALSE,FALSE,TRUE,TRUE,2,FALSE
CEBPB,FALSE,FALSE,TRUE,TRUE,TRUE,3,FALSE
CEMIP2,FALSE,FALSE,FALSE,FALSE,FALSE,0,FALSE
CENPS,FALSE,FALSE,TRUE,FALSE,FALSE,1,TRUE
CEP164,TRUE,TRUE,TRUE,TRUE,TRUE,5,FALSE
CES2,FALSE,FALSE,FALSE,FALSE,FALSE,0,TRUE
CES3,TRUE,FALSE,FALSE,FALSE,TRUE,2,FALSE
CFAP36,FALSE,FALSE,FALSE,FALSE,FALSE,0,FALSE
CFC1,TRUE,TRUE,TRUE,TRUE,FALSE,4,FALSE
CFDP1,FALSE,FALSE,FALSE,TRUE,TRUE,2,FALSE
CHCHD6,FALSE,TRUE,TRUE,TRUE,TRUE,4,FALSE
CHRM1,FALSE,TRUE,TRUE,TRUE,TRUE,4,FALSE
CHRM3,FALSE,TRUE,FALSE,TRUE,TRUE,3,FALSE
CHST2,FALSE,TRUE,TRUE,TRUE,TRUE,4,FALSE
CHUK,TRUE,TRUE,TRUE,TRUE,TRUE,5,FALSE
CKAP4,FALSE,TRUE,FALSE,TRUE,FALSE,2,FALSE
CLEC10A,FALSE,FALSE,FALSE,FALSE,FALSE,0,FALSE
CLEC12A,FALSE,FALSE,TRUE,FALSE,TRUE,2,FALSE
CLEC1A,TRUE,FALSE,FALSE,FALSE,FALSE,1,FALSE
CLEC4A,TRUE,FALSE,FALSE,FALSE,FALSE,1,FALSE
CLEC4C,FALSE,TRUE,FALSE,FALSE,FALSE,1,FALSE
CLEC4D,FALSE,TRUE,TRUE,FALSE,FALSE,2,FALSE
CLEC4G,FALSE,FALSE,FALSE,FALSE,FALSE,0,FALSE
CLEC5A,FALSE,TRUE,FALSE,FALSE,TRUE,2,FALSE
CLEC6A,FALSE,TRUE,FALSE,FALSE,FALSE,1,FALSE
CLEC7A,FALSE,FALSE,FALSE,FALSE,FALSE,0,FALSE
CLSTN2,TRUE,TRUE,TRUE,TRUE,TRUE,5,FALSE
CLSTN3,TRUE,FALSE,TRUE,TRUE,TRUE,4,TRUE
CLTA,FALSE,FALSE,FALSE,FALSE,FALSE,0,FALSE
CNP,FALSE,FALSE,FALSE,TRUE,TRUE,2,FALSE
CNPY4,FALSE,FALSE,FALSE,FALSE,FALSE,0,FALSE
CNTN2,FALSE,FALSE,TRUE,FALSE,TRUE,2,FALSE
CNTNAP2,FALSE,FALSE,FALSE,TRUE,TRUE,2,FALSE
COL24A1,TRUE,FALSE,TRUE,FALSE,TRUE,3,FALSE
COL28A1,FALSE,FALSE,FALSE,FALSE,FALSE,0,FALSE
COL9A1,FALSE,TRUE,TRUE,FALSE,FALSE,2,FALSE
COMMD9,FALSE,FALSE,FALSE,FALSE,TRUE,1,FALSE
COMT,FALSE,FALSE,FALSE,FALSE,FALSE,0,FALSE
CPE,FALSE,FALSE,FALSE,FALSE,FALSE,0,TRUE
CPVL,FALSE,TRUE,TRUE,TRUE,TRUE,4,FALSE
CRACR2A,FALSE,FALSE,FALSE,FALSE,FALSE,0,FALSE
CRADD,FALSE,FALSE,FALSE,FALSE,FALSE,0,TRUE
CRH,FALSE,FALSE,FALSE,FALSE,FALSE,0,FALSE
CRISP2,TRUE,FALSE,TRUE,FALSE,FALSE,2,FALSE
CRNN,FALSE,TRUE,TRUE,FALSE,FALSE,2,FALSE
CRTAM,FALSE,TRUE,FALSE,FALSE,FALSE,1,FALSE
CRYZL1,FALSE,FALSE,FALSE,FALSE,FALSE,0,TRUE
CSF1,FALSE,FALSE,FALSE,FALSE,FALSE,0,FALSE
CSF2,FALSE,FALSE,FALSE,FALSE,FALSE,0,FALSE
CSF2RB,FALSE,FALSE,FALSE,FALSE,FALSE,0,FALSE
CSF3,FALSE,FALSE,FALSE,FALSE,FALSE,0,FALSE
CSF3R,FALSE,FALSE,FALSE,FALSE,FALSE,0,FALSE
CSNK1D,FALSE,TRUE,TRUE,TRUE,TRUE,4,TRUE
CSRP3,TRUE,FALSE,TRUE,TRUE,TRUE,4,FALSE
CST5,TRUE,FALSE,FALSE,TRUE,FALSE,2,FALSE
CTF1,FALSE,TRUE,FALSE,TRUE,TRUE,3,TRUE
CTH,FALSE,FALSE,FALSE,FALSE,FALSE,0,FALSE
CTRC,TRUE,TRUE,TRUE,TRUE,TRUE,5,FALSE
CTRL,TRUE,TRUE,FALSE,TRUE,FALSE,3,FALSE
CTSF,FALSE,FALSE,FALSE,TRUE,FALSE,1,FALSE
CTSH,TRUE,FALSE,TRUE,FALSE,FALSE,2,FALSE
CTSO,FALSE,FALSE,TRUE,FALSE,FALSE,1,TRUE
CTSV,TRUE,TRUE,FALSE,TRUE,TRUE,4,FALSE
CX3CL1,TRUE,FALSE,FALSE,FALSE,TRUE,2,FALSE
CXADR,FALSE,FALSE,FALSE,FALSE,FALSE,0,FALSE
CXCL1,FALSE,TRUE,FALSE,TRUE,TRUE,3,FALSE
CXCL10,FALSE,TRUE,TRUE,FALSE,TRUE,3,FALSE
CXCL11,TRUE,TRUE,TRUE,FALSE,TRUE,4,FALSE
CXCL12,FALSE,TRUE,TRUE,FALSE,FALSE,2,FALSE
CXCL17,FALSE,TRUE,FALSE,TRUE,FALSE,2,FALSE
CXCL6,TRUE,TRUE,TRUE,TRUE,TRUE,5,FALSE
CXCL8,TRUE,TRUE,TRUE,FALSE,FALSE,3,FALSE
CXCL9,FALSE,FALSE,TRUE,FALSE,FALSE,1,FALSE
CYB5R2,FALSE,FALSE,FALSE,TRUE,TRUE,2,FALSE
CYLD,FALSE,FALSE,FALSE,FALSE,TRUE,1,FALSE
DAPK2,FALSE,FALSE,FALSE,FALSE,FALSE,0,FALSE
DAPP1,FALSE,FALSE,TRUE,FALSE,FALSE,1,FALSE
DBN1,FALSE,FALSE,FALSE,FALSE,FALSE,0,FALSE
DCN,TRUE,TRUE,FALSE,TRUE,TRUE,4,FALSE
DCPS,FALSE,FALSE,FALSE,FALSE,FALSE,0,FALSE
DCTN1,FALSE,FALSE,FALSE,FALSE,FALSE,0,FALSE
DCTN2,FALSE,FALSE,TRUE,FALSE,FALSE,1,FALSE
DCTN4,FALSE,FALSE,FALSE,FALSE,FALSE,0,FALSE
DDX21,FALSE,TRUE,TRUE,TRUE,TRUE,4,FALSE
DDX39A,TRUE,FALSE,FALSE,FALSE,FALSE,1,FALSE
DDX60,FALSE,TRUE,TRUE,FALSE,TRUE,3,FALSE
DECR1,TRUE,FALSE,TRUE,TRUE,TRUE,4,TRUE
DEFB103A_DEFB103B,TRUE,FALSE,TRUE,FALSE,TRUE,3,FALSE
DENR,TRUE,TRUE,TRUE,TRUE,TRUE,5,FALSE
DFFA,FALSE,FALSE,FALSE,FALSE,FALSE,0,FALSE
DGKA,TRUE,FALSE,FALSE,FALSE,TRUE,2,FALSE
DHPS,FALSE,FALSE,FALSE,FALSE,FALSE,0,TRUE
DHX36,TRUE,TRUE,TRUE,TRUE,TRUE,5,FALSE
DKK4,TRUE,FALSE,FALSE,TRUE,TRUE,3,FALSE
DLG4,FALSE,FALSE,FALSE,FALSE,FALSE,0,FALSE
DNAJA4,FALSE,FALSE,TRUE,TRUE,TRUE,3,FALSE
DNAJB1,FALSE,FALSE,FALSE,FALSE,FALSE,0,FALSE
DNAJC6,FALSE,FALSE,FALSE,FALSE,FALSE,0,TRUE
DNM1,FALSE,TRUE,FALSE,TRUE,TRUE,3,FALSE
DNM3,FALSE,FALSE,FALSE,FALSE,FALSE,0,FALSE
DNMBP,TRUE,TRUE,FALSE,TRUE,TRUE,4,FALSE
DNPEP,FALSE,FALSE,FALSE,FALSE,FALSE,0,FALSE
DPEP1,FALSE,TRUE,FALSE,TRUE,FALSE,2,FALSE
DPEP2,TRUE,TRUE,TRUE,TRUE,TRUE,5,FALSE
DPP10,FALSE,FALSE,FALSE,FALSE,FALSE,0,TRUE
DPP6,FALSE,FALSE,FALSE,FALSE,FALSE,0,FALSE
DPY30,FALSE,FALSE,FALSE,FALSE,FALSE,0,TRUE
DRAXIN,TRUE,TRUE,TRUE,TRUE,TRUE,5,FALSE
DSG3,FALSE,FALSE,TRUE,FALSE,FALSE,1,FALSE
DTNB,FALSE,FALSE,FALSE,TRUE,FALSE,1,FALSE
DTX3,FALSE,FALSE,FALSE,TRUE,TRUE,2,FALSE
DTX3L,FALSE,TRUE,TRUE,TRUE,TRUE,4,FALSE
DUT,FALSE,FALSE,FALSE,FALSE,FALSE,0,FALSE
DYNC1H1,TRUE,FALSE,FALSE,TRUE,TRUE,3,FALSE
DYNC1I2,FALSE,FALSE,FALSE,FALSE,TRUE,1,FALSE
EBAG9,FALSE,FALSE,FALSE,TRUE,FALSE,1,FALSE
EBI3_IL27,FALSE,TRUE,FALSE,FALSE,FALSE,1,FALSE
ECE1,FALSE,FALSE,FALSE,FALSE,TRUE,1,FALSE
ECSIT,FALSE,TRUE,TRUE,TRUE,TRUE,4,FALSE
EDA2R,FALSE,FALSE,FALSE,TRUE,FALSE,1,FALSE
EDAR,TRUE,TRUE,FALSE,TRUE,TRUE,4,FALSE
EDNRB,FALSE,FALSE,FALSE,TRUE,TRUE,2,FALSE
EFHD2,FALSE,FALSE,FALSE,FALSE,FALSE,0,FALSE
EFNA4,FALSE,FALSE,TRUE,TRUE,FALSE,2,FALSE
EGFLAM,TRUE,FALSE,FALSE,FALSE,TRUE,2,FALSE
EGLN1,FALSE,FALSE,FALSE,TRUE,TRUE,2,TRUE
EHD4,TRUE,TRUE,FALSE,TRUE,TRUE,4,FALSE
EIF2S2,FALSE,TRUE,TRUE,TRUE,TRUE,4,FALSE
EIF4E,FALSE,FALSE,FALSE,FALSE,FALSE,0,FALSE
EIF4E2,FALSE,FALSE,TRUE,TRUE,TRUE,3,FALSE
ELOB,FALSE,FALSE,FALSE,FALSE,FALSE,0,FALSE
EML4,FALSE,FALSE,FALSE,TRUE,FALSE,1,FALSE
ENAH,FALSE,FALSE,FALSE,FALSE,FALSE,0,FALSE
ENDOU,FALSE,FALSE,TRUE,FALSE,FALSE,1,FALSE
ENPP1,TRUE,FALSE,FALSE,TRUE,FALSE,2,FALSE
ENPP6,FALSE,FALSE,FALSE,FALSE,FALSE,0,FALSE
ENTPD5,TRUE,FALSE,FALSE,TRUE,TRUE,3,FALSE
ENTPD6,FALSE,FALSE,FALSE,FALSE,FALSE,0,FALSE
EPB41L3,FALSE,FALSE,FALSE,FALSE,FALSE,0,TRUE
EPHA2,FALSE,TRUE,TRUE,TRUE,FALSE,3,TRUE
EPHB6,FALSE,FALSE,TRUE,FALSE,FALSE,1,FALSE
EPS8L2,FALSE,FALSE,TRUE,TRUE,TRUE,3,FALSE
ERBB4,TRUE,FALSE,FALSE,TRUE,FALSE,2,FALSE
EREG,FALSE,FALSE,TRUE,FALSE,FALSE,1,FALSE
ERF,FALSE,FALSE,FALSE,FALSE,FALSE,0,FALSE
ERG,TRUE,TRUE,TRUE,TRUE,TRUE,5,FALSE
ERN1,TRUE,TRUE,TRUE,TRUE,TRUE,5,FALSE
ERP44,FALSE,FALSE,TRUE,FALSE,FALSE,1,FALSE
ESR1,FALSE,TRUE,FALSE,FALSE,FALSE,1,FALSE
EVA1C,FALSE,TRUE,FALSE,FALSE,FALSE,1,FALSE
EVI5,TRUE,FALSE,TRUE,TRUE,TRUE,4,FALSE
EVL,FALSE,FALSE,FALSE,FALSE,FALSE,0,FALSE
EXOSC3,FALSE,TRUE,TRUE,TRUE,TRUE,4,FALSE
EZR,FALSE,TRUE,TRUE,FALSE,TRUE,3,FALSE
F3,FALSE,FALSE,FALSE,FALSE,FALSE,0,FALSE
FAF2,TRUE,FALSE,TRUE,TRUE,TRUE,4,FALSE
FAM3B,FALSE,FALSE,FALSE,FALSE,FALSE,0,FALSE
FAM3D,TRUE,TRUE,TRUE,TRUE,TRUE,5,FALSE
FASLG,FALSE,FALSE,TRUE,FALSE,TRUE,2,FALSE
FBXO28,TRUE,TRUE,TRUE,TRUE,TRUE,5,FALSE
FBXO40,FALSE,FALSE,FALSE,FALSE,FALSE,0,FALSE
FCAR,FALSE,FALSE,FALSE,FALSE,FALSE,0,FALSE
FCER1A,FALSE,TRUE,FALSE,TRUE,FALSE,2,FALSE
FCRL2,TRUE,TRUE,TRUE,FALSE,FALSE,3,FALSE
FCRL3,FALSE,FALSE,TRUE,FALSE,TRUE,2,FALSE
FCRL6,FALSE,FALSE,FALSE,FALSE,FALSE,0,FALSE
FGF19,TRUE,TRUE,TRUE,TRUE,TRUE,5,FALSE
FGF2,FALSE,TRUE,TRUE,TRUE,TRUE,4,FALSE
FGF21,TRUE,FALSE,TRUE,FALSE,FALSE,2,FALSE
FGF23,FALSE,FALSE,TRUE,TRUE,TRUE,3,FALSE
FGF5,FALSE,TRUE,TRUE,TRUE,TRUE,4,FALSE
FGFBP3,FALSE,TRUE,TRUE,TRUE,TRUE,4,FALSE
FGR,TRUE,TRUE,TRUE,TRUE,TRUE,5,FALSE
FHIT,FALSE,FALSE,FALSE,FALSE,FALSE,0,FALSE
FKBP10,FALSE,FALSE,FALSE,FALSE,FALSE,0,FALSE
FKBP15,FALSE,FALSE,FALSE,FALSE,FALSE,0,FALSE
FKBP4,FALSE,FALSE,FALSE,FALSE,FALSE,0,FALSE
FKBP5,FALSE,FALSE,FALSE,FALSE,FALSE,0,TRUE
FKBPL,FALSE,FALSE,FALSE,FALSE,FALSE,0,FALSE
FLRT2,FALSE,FALSE,TRUE,FALSE,TRUE,2,FALSE
FLT3,FALSE,FALSE,FALSE,FALSE,FALSE,0,FALSE
FLT3LG,FALSE,TRUE,FALSE,FALSE,FALSE,1,FALSE
FMNL1,FALSE,FALSE,FALSE,FALSE,FALSE,0,FALSE
FNDC1,TRUE,FALSE,TRUE,TRUE,TRUE,4,FALSE
FNTA,FALSE,FALSE,FALSE,FALSE,FALSE,0,FALSE
FOLH1,FALSE,FALSE,FALSE,TRUE,FALSE,1,FALSE
FOXJ3,TRUE,TRUE,TRUE,TRUE,TRUE,5,FALSE
FOXO1,TRUE,FALSE,FALSE,FALSE,FALSE,1,TRUE
FOXO3,FALSE,FALSE,FALSE,FALSE,FALSE,0,FALSE
FRZB,TRUE,TRUE,TRUE,TRUE,TRUE,5,TRUE
FSTL1,FALSE,FALSE,FALSE,FALSE,FALSE,0,FALSE
FURIN,TRUE,FALSE,TRUE,FALSE,FALSE,2,FALSE
FUS,FALSE,TRUE,TRUE,TRUE,TRUE,4,FALSE
FUT8,TRUE,TRUE,TRUE,TRUE,TRUE,5,FALSE
FXYD5,FALSE,FALSE,FALSE,FALSE,FALSE,0,FALSE
FYCO1,TRUE,FALSE,FALSE,FALSE,FALSE,1,FALSE
GALNT10,TRUE,TRUE,TRUE,TRUE,TRUE,5,FALSE
GALNT2,TRUE,TRUE,TRUE,TRUE,TRUE,5,FALSE
GALNT3,TRUE,TRUE,TRUE,FALSE,TRUE,4,FALSE
GAP43,FALSE,FALSE,FALSE,FALSE,FALSE,0,TRUE
GBA1,FALSE,FALSE,FALSE,FALSE,FALSE,0,FALSE
GBP2,FALSE,FALSE,TRUE,FALSE,FALSE,1,FALSE
GBP3,FALSE,FALSE,FALSE,FALSE,FALSE,0,FALSE
GCG,TRUE,FALSE,FALSE,FALSE,TRUE,2,FALSE
GCNT1,TRUE,TRUE,FALSE,TRUE,TRUE,4,FALSE
GDNF,FALSE,FALSE,FALSE,FALSE,FALSE,0,FALSE
GFAP,FALSE,FALSE,FALSE,TRUE,FALSE,1,FALSE
GFER,FALSE,FALSE,FALSE,FALSE,FALSE,0,FALSE
GFRA1,TRUE,FALSE,FALSE,FALSE,FALSE,1,TRUE
GFRA2,FALSE,TRUE,FALSE,TRUE,TRUE,3,FALSE
GFRA3,FALSE,FALSE,FALSE,FALSE,FALSE,0,FALSE
GFRAL,FALSE,FALSE,FALSE,FALSE,FALSE,0,FALSE
GIT1,FALSE,TRUE,TRUE,TRUE,TRUE,4,FALSE
GLIPR1,FALSE,TRUE,TRUE,FALSE,FALSE,2,FALSE
GLRX2,FALSE,FALSE,FALSE,FALSE,FALSE,0,FALSE
GMPR,FALSE,FALSE,FALSE,FALSE,TRUE,1,TRUE
GOPC,FALSE,FALSE,FALSE,FALSE,TRUE,1,FALSE
GP2,FALSE,FALSE,FALSE,FALSE,FALSE,0,FALSE
GPA33,TRUE,FALSE,TRUE,FALSE,FALSE,2,FALSE
GPC1,FALSE,TRUE,TRUE,TRUE,FALSE,3,FALSE
GPC5,FALSE,FALSE,FALSE,TRUE,TRUE,2,FALSE
GPD1,FALSE,TRUE,TRUE,TRUE,TRUE,4,FALSE
GPIHBP1,FALSE,FALSE,FALSE,FALSE,FALSE,0,FALSE
GPR15LG,TRUE,FALSE,FALSE,FALSE,TRUE,2,FALSE
GPR37,FALSE,FALSE,TRUE,TRUE,TRUE,3,FALSE
GRP,FALSE,TRUE,TRUE,TRUE,FALSE,3,FALSE
GRPEL1,FALSE,FALSE,FALSE,FALSE,FALSE,0,FALSE
GSDMD,FALSE,FALSE,FALSE,FALSE,FALSE,0,TRUE
GSTP1,FALSE,FALSE,FALSE,FALSE,FALSE,0,FALSE
GZMA,FALSE,TRUE,TRUE,FALSE,FALSE,2,FALSE
GZMB,FALSE,FALSE,FALSE,TRUE,TRUE,2,FALSE
GZMH,FALSE,TRUE,TRUE,FALSE,FALSE,2,FALSE
HAO1,TRUE,FALSE,TRUE,TRUE,FALSE,3,FALSE
HAVCR1,FALSE,TRUE,TRUE,FALSE,FALSE,2,FALSE
HBEGF,FALSE,TRUE,TRUE,TRUE,TRUE,4,FALSE
HCLS1,TRUE,TRUE,TRUE,TRUE,TRUE,5,FALSE
HDAC5,FALSE,FALSE,TRUE,TRUE,TRUE,3,TRUE
HDAC9,TRUE,TRUE,TRUE,TRUE,FALSE,4,FALSE
HEPH,TRUE,FALSE,FALSE,TRUE,TRUE,3,FALSE
HGF,FALSE,TRUE,TRUE,TRUE,TRUE,4,FALSE
HHEX,FALSE,FALSE,TRUE,FALSE,TRUE,2,FALSE
HIF1A,FALSE,FALSE,FALSE,FALSE,FALSE,0,FALSE
HLA-A,FALSE,FALSE,TRUE,FALSE,FALSE,1,FALSE
HMBS,FALSE,FALSE,FALSE,FALSE,FALSE,0,FALSE
HMOX2,FALSE,FALSE,FALSE,FALSE,FALSE,0,FALSE
HNMT,FALSE,TRUE,TRUE,FALSE,TRUE,3,FALSE
HNRNPA0,FALSE,FALSE,TRUE,TRUE,FALSE,2,FALSE
HNRNPUL1,FALSE,FALSE,FALSE,FALSE,FALSE,0,FALSE
HOMER3,FALSE,FALSE,FALSE,TRUE,FALSE,1,FALSE
HPGDS,FALSE,FALSE,FALSE,FALSE,FALSE,0,FALSE
HRAS,FALSE,TRUE,FALSE,FALSE,TRUE,2,FALSE
HRC,TRUE,FALSE,FALSE,FALSE,TRUE,2,TRUE
HRH1,FALSE,FALSE,FALSE,TRUE,FALSE,1,FALSE
HS6ST2,FALSE,FALSE,FALSE,FALSE,FALSE,0,FALSE
HSD11B1,TRUE,FALSE,FALSE,FALSE,FALSE,1,FALSE
HSP90B1,FALSE,FALSE,FALSE,FALSE,FALSE,0,FALSE
HSPA13,FALSE,FALSE,FALSE,FALSE,FALSE,0,FALSE
HSPB6,TRUE,FALSE,FALSE,TRUE,FALSE,2,FALSE
ICA1,FALSE,FALSE,FALSE,TRUE,TRUE,2,FALSE
ICAM4,TRUE,TRUE,FALSE,TRUE,FALSE,3,FALSE
ICOSLG,FALSE,FALSE,FALSE,FALSE,TRUE,1,FALSE
IDO1,FALSE,TRUE,TRUE,FALSE,FALSE,2,FALSE
IDS,FALSE,FALSE,FALSE,FALSE,FALSE,0,FALSE
IDUA,FALSE,FALSE,FALSE,TRUE,TRUE,2,TRUE
IFI30,TRUE,TRUE,TRUE,TRUE,TRUE,5,TRUE
IFIT1,FALSE,FALSE,FALSE,FALSE,FALSE,0,FALSE
IFIT3,FALSE,FALSE,FALSE,FALSE,FALSE,0,TRUE
IFNAR1,FALSE,FALSE,FALSE,TRUE,FALSE,1,FALSE
IFNB1,TRUE,FALSE,TRUE,FALSE,TRUE,3,FALSE
IFNG,FALSE,FALSE,TRUE,FALSE,FALSE,1,FALSE
IFNGR1,FALSE,FALSE,FALSE,FALSE,FALSE,0,FALSE
IFNGR2,FALSE,FALSE,FALSE,FALSE,FALSE,0,FALSE
IFNL4,FALSE,FALSE,FALSE,FALSE,FALSE,0,FALSE
IFNLR1,TRUE,FALSE,FALSE,FALSE,TRUE,2,FALSE
IGBP1,FALSE,FALSE,FALSE,FALSE,FALSE,0,FALSE
IGF1R,FALSE,FALSE,TRUE,FALSE,FALSE,1,FALSE
IGFL4,FALSE,FALSE,TRUE,FALSE,FALSE,1,FALSE
IGSF3,FALSE,FALSE,FALSE,FALSE,FALSE,0,TRUE
IKBKG,TRUE,FALSE,FALSE,TRUE,FALSE,2,FALSE
IL10,FALSE,FALSE,TRUE,TRUE,FALSE,2,FALSE
IL10RA,TRUE,FALSE,FALSE,TRUE,FALSE,2,FALSE
IL11,FALSE,FALSE,FALSE,FALSE,FALSE,0,FALSE
IL11RA,FALSE,FALSE,FALSE,TRUE,FALSE,1,FALSE
IL12A_IL12B,TRUE,TRUE,TRUE,FALSE,TRUE,4,FALSE
IL12B,FALSE,FALSE,TRUE,FALSE,TRUE,2,FALSE
IL12RB1,FALSE,FALSE,TRUE,TRUE,TRUE,3,FALSE
IL13,FALSE,FALSE,FALSE,FALSE,FALSE,0,FALSE
IL15,FALSE,FALSE,FALSE,FALSE,FALSE,0,FALSE
IL15RA,FALSE,FALSE,FALSE,FALSE,FALSE,0,FALSE
IL16,FALSE,TRUE,FALSE,FALSE,FALSE,1,FALSE
IL17A,TRUE,FALSE,FALSE,TRUE,FALSE,2,FALSE
IL17C,FALSE,FALSE,TRUE,FALSE,FALSE,1,FALSE
IL17D,FALSE,TRUE,FALSE,TRUE,FALSE,2,FALSE
IL17F,TRUE,FALSE,FALSE,FALSE,FALSE,1,FALSE
IL17RB,FALSE,FALSE,FALSE,FALSE,FALSE,0,FALSE
IL18,TRUE,TRUE,TRUE,TRUE,TRUE,5,FALSE
IL18R1,FALSE,FALSE,FALSE,TRUE,FALSE,1,FALSE
IL18RAP,TRUE,FALSE,TRUE,TRUE,FALSE,3,FALSE
IL1A,FALSE,FALSE,TRUE,TRUE,TRUE,3,FALSE
IL1B,FALSE,FALSE,TRUE,FALSE,TRUE,2,FALSE
IL1RL2,TRUE,TRUE,FALSE,TRUE,TRUE,4,FALSE
IL2,TRUE,FALSE,FALSE,TRUE,FALSE,2,FALSE
IL20,FALSE,FALSE,FALSE,FALSE,FALSE,0,FALSE
IL20RA,FALSE,FALSE,FALSE,FALSE,TRUE,1,FALSE
IL22,TRUE,FALSE,FALSE,FALSE,TRUE,2,FALSE
IL22RA1,FALSE,TRUE,FALSE,FALSE,TRUE,2,FALSE
IL23R,TRUE,FALSE,TRUE,FALSE,FALSE,2,FALSE
IL2RB,TRUE,TRUE,FALSE,FALSE,FALSE,2,FALSE
IL31RA,FALSE,FALSE,FALSE,FALSE,FALSE,0,FALSE
IL32,TRUE,FALSE,TRUE,FALSE,FALSE,2,FALSE
IL33,FALSE,TRUE,TRUE,TRUE,FALSE,3,FALSE
IL36B,FALSE,TRUE,TRUE,FALSE,TRUE,3,FALSE
IL36G,FALSE,FALSE,TRUE,FALSE,TRUE,2,FALSE
IL3RA,TRUE,FALSE,FALSE,FALSE,FALSE,1,FALSE
IL4,FALSE,FALSE,FALSE,FALSE,FALSE,0,FALSE
IL4R,FALSE,TRUE,FALSE,TRUE,TRUE,3,FALSE
IL5RA,FALSE,FALSE,FALSE,FALSE,FALSE,0,FALSE
IL6,TRUE,TRUE,TRUE,TRUE,FALSE,4,FALSE
IL7,FALSE,FALSE,FALSE,FALSE,TRUE,1,FALSE
IL9,FALSE,FALSE,FALSE,TRUE,FALSE,1,FALSE
IMPA1,FALSE,FALSE,FALSE,FALSE,FALSE,0,FALSE
INPP1,FALSE,FALSE,FALSE,FALSE,FALSE,0,FALSE
INPP5D,FALSE,FALSE,FALSE,FALSE,TRUE,1,FALSE
INPPL1,FALSE,FALSE,FALSE,TRUE,TRUE,2,FALSE
INSL5,TRUE,FALSE,FALSE,TRUE,FALSE,2,FALSE
IPCEF1,TRUE,FALSE,FALSE,TRUE,TRUE,3,FALSE
IQGAP2,FALSE,TRUE,TRUE,TRUE,TRUE,4,FALSE
IRAG2,FALSE,FALSE,FALSE,FALSE,FALSE,0,FALSE
IRAK1,FALSE,FALSE,FALSE,TRUE,TRUE,2,FALSE
IRAK1BP1,FALSE,FALSE,FALSE,TRUE,FALSE,1,FALSE
IRAK4,FALSE,FALSE,FALSE,FALSE,FALSE,0,FALSE
ISM1,FALSE,FALSE,TRUE,FALSE,FALSE,1,FALSE
ITCH,TRUE,FALSE,FALSE,TRUE,TRUE,3,FALSE
ITGA11,FALSE,FALSE,TRUE,FALSE,TRUE,2,FALSE
ITGAL,TRUE,TRUE,FALSE,TRUE,TRUE,4,FALSE
ITGAV,FALSE,FALSE,FALSE,FALSE,FALSE,0,FALSE
ITGB1BP2,FALSE,FALSE,TRUE,TRUE,FALSE,2,FALSE
ITGB6,FALSE,FALSE,FALSE,FALSE,FALSE,0,TRUE
ITGB7,TRUE,TRUE,TRUE,TRUE,FALSE,4,FALSE
ITM2A,TRUE,FALSE,FALSE,TRUE,FALSE,2,FALSE
ITPR1,TRUE,TRUE,TRUE,TRUE,TRUE,5,TRUE
JTB,FALSE,FALSE,FALSE,TRUE,FALSE,1,TRUE
KDR,FALSE,FALSE,TRUE,TRUE,TRUE,3,FALSE
KEL,TRUE,TRUE,FALSE,TRUE,FALSE,3,FALSE
KHK,FALSE,FALSE,FALSE,FALSE,FALSE,0,FALSE
KIAA0319,FALSE,FALSE,TRUE,TRUE,FALSE,2,FALSE
KIAA0319L,FALSE,FALSE,FALSE,FALSE,FALSE,0,FALSE
KIF22,FALSE,TRUE,TRUE,TRUE,TRUE,4,TRUE
KIF4A,TRUE,TRUE,TRUE,TRUE,TRUE,5,TRUE
KIFAP3,TRUE,FALSE,TRUE,TRUE,TRUE,4,FALSE
KIR2DL2_KIR2DL3,FALSE,FALSE,TRUE,TRUE,FALSE,2,FALSE
KIR3DL1,FALSE,FALSE,FALSE,FALSE,FALSE,0,FALSE
KITLG,FALSE,FALSE,FALSE,FALSE,FALSE,0,FALSE
KLB,FALSE,FALSE,FALSE,FALSE,FALSE,0,FALSE
KLHL41,TRUE,FALSE,TRUE,TRUE,TRUE,4,FALSE
KLK13,TRUE,FALSE,TRUE,FALSE,TRUE,3,FALSE
KLK15,FALSE,FALSE,FALSE,TRUE,FALSE,1,FALSE
KLRB1,FALSE,TRUE,TRUE,FALSE,FALSE,2,FALSE
KLRD1,FALSE,FALSE,FALSE,FALSE,FALSE,0,FALSE
KLRF1,TRUE,FALSE,FALSE,FALSE,FALSE,1,FALSE
KLRK1,FALSE,TRUE,TRUE,FALSE,FALSE,2,FALSE
KRT19,FALSE,TRUE,TRUE,FALSE,FALSE,2,TRUE
KRT5,FALSE,FALSE,FALSE,FALSE,TRUE,1,FALSE
KYAT1,FALSE,FALSE,FALSE,FALSE,FALSE,0,FALSE
KYNU,TRUE,FALSE,FALSE,FALSE,FALSE,1,FALSE
L1CAM,FALSE,FALSE,FALSE,FALSE,FALSE,0,FALSE
LAG3,FALSE,FALSE,FALSE,FALSE,FALSE,0,FALSE
LAIR2,TRUE,TRUE,TRUE,FALSE,TRUE,4,FALSE
LAMB1,TRUE,TRUE,FALSE,FALSE,TRUE,3,FALSE
LAMP3,FALSE,FALSE,FALSE,TRUE,FALSE,1,FALSE
LAT,TRUE,FALSE,FALSE,TRUE,TRUE,3,FALSE
LAT2,FALSE,FALSE,FALSE,FALSE,FALSE,0,FALSE
LATS1,FALSE,FALSE,FALSE,TRUE,TRUE,2,FALSE
LAYN,TRUE,FALSE,FALSE,FALSE,TRUE,2,FALSE
LCK,TRUE,FALSE,FALSE,FALSE,FALSE,1,FALSE
LCN15,TRUE,TRUE,TRUE,TRUE,TRUE,5,FALSE
LEFTY2,FALSE,TRUE,TRUE,TRUE,TRUE,4,FALSE
LGALS7,TRUE,FALSE,TRUE,FALSE,TRUE,3,FALSE
LIF,TRUE,TRUE,TRUE,TRUE,FALSE,4,FALSE
LIFR,FALSE,FALSE,TRUE,TRUE,FALSE,2,FALSE
LILRB4,FALSE,FALSE,TRUE,FALSE,FALSE,1,FALSE
LIPF,FALSE,TRUE,FALSE,TRUE,FALSE,2,FALSE
LMNB1,FALSE,FALSE,TRUE,FALSE,TRUE,2,FALSE
LMNB2,FALSE,FALSE,TRUE,FALSE,FALSE,1,FALSE
LMOD1,TRUE,TRUE,TRUE,TRUE,TRUE,5,FALSE
LPL,FALSE,TRUE,TRUE,TRUE,TRUE,4,FALSE
LPO,FALSE,FALSE,TRUE,TRUE,TRUE,3,FALSE
LRCH4,FALSE,TRUE,TRUE,TRUE,TRUE,4,FALSE
LRIG1,FALSE,FALSE,FALSE,TRUE,FALSE,1,FALSE
LRRC25,FALSE,FALSE,TRUE,TRUE,FALSE,2,FALSE
LRRC37A2,FALSE,FALSE,FALSE,TRUE,FALSE,1,FALSE
LRRFIP1,FALSE,FALSE,FALSE,FALSE,FALSE,0,FALSE
LRRN1,FALSE,FALSE,FALSE,FALSE,FALSE,0,TRUE
LTA4H,FALSE,FALSE,FALSE,FALSE,FALSE,0,FALSE
LTBP3,FALSE,TRUE,FALSE,TRUE,TRUE,3,FALSE
LTK,FALSE,FALSE,FALSE,FALSE,FALSE,0,FALSE
LUZP2,FALSE,FALSE,FALSE,FALSE,TRUE,1,FALSE
LXN,FALSE,TRUE,FALSE,FALSE,FALSE,1,FALSE
LY75,FALSE,TRUE,TRUE,TRUE,TRUE,4,FALSE
LY9,FALSE,TRUE,FALSE,FALSE,FALSE,1,FALSE
LY96,FALSE,TRUE,FALSE,FALSE,FALSE,1,FALSE
MAD1L1,FALSE,FALSE,FALSE,TRUE,TRUE,2,FALSE
MAFB,TRUE,TRUE,FALSE,TRUE,TRUE,4,FALSE
MAG,FALSE,FALSE,FALSE,FALSE,FALSE,0,FALSE
MAN1A2,FALSE,TRUE,TRUE,TRUE,TRUE,4,FALSE
MAP2K1,FALSE,FALSE,FALSE,FALSE,FALSE,0,FALSE
MAP2K6,FALSE,FALSE,FALSE,FALSE,FALSE,0,FALSE
MAP3K5,TRUE,FALSE,TRUE,FALSE,TRUE,3,FALSE
MAP4K5,TRUE,TRUE,TRUE,TRUE,TRUE,5,FALSE
MAPK9,FALSE,FALSE,FALSE,FALSE,FALSE,0,FALSE
MAPKAP1,FALSE,TRUE,TRUE,TRUE,TRUE,4,FALSE
MAPKAPK2,TRUE,FALSE,FALSE,TRUE,FALSE,2,FALSE
MAPT,FALSE,FALSE,FALSE,TRUE,FALSE,1,FALSE
MASP1,FALSE,FALSE,FALSE,TRUE,TRUE,2,FALSE
MATN3,FALSE,FALSE,FALSE,TRUE,TRUE,2,FALSE
MAVS,FALSE,FALSE,FALSE,FALSE,FALSE,0,FALSE
MCF2L,FALSE,FALSE,FALSE,FALSE,FALSE,0,FALSE
MDGA1,FALSE,FALSE,FALSE,FALSE,FALSE,0,FALSE
MECR,FALSE,TRUE,TRUE,TRUE,FALSE,3,FALSE
MEF2C,FALSE,FALSE,TRUE,FALSE,FALSE,1,FALSE
MELTF,FALSE,FALSE,FALSE,FALSE,FALSE,0,FALSE
MEP1A,FALSE,FALSE,TRUE,FALSE,TRUE,2,FALSE
METAP1D,FALSE,FALSE,FALSE,FALSE,FALSE,0,TRUE
METAP2,FALSE,FALSE,FALSE,TRUE,TRUE,2,FALSE
MICA_MICB,FALSE,FALSE,FALSE,TRUE,FALSE,1,FALSE
MILR1,TRUE,FALSE,TRUE,FALSE,FALSE,2,FALSE
MINDY2,FALSE,FALSE,FALSE,FALSE,FALSE,0,FALSE
MKI67,FALSE,TRUE,TRUE,TRUE,TRUE,4,TRUE
MKNK1,FALSE,FALSE,FALSE,FALSE,FALSE,0,FALSE
MLN,FALSE,FALSE,TRUE,FALSE,FALSE,1,FALSE
MME,TRUE,FALSE,TRUE,TRUE,TRUE,4,FALSE
MMP10,FALSE,FALSE,TRUE,TRUE,TRUE,3,FALSE
MMP12,FALSE,FALSE,TRUE,FALSE,TRUE,2,FALSE
MMP13,TRUE,TRUE,TRUE,FALSE,FALSE,3,FALSE
MOG,FALSE,FALSE,FALSE,FALSE,FALSE,0,FALSE
MORC3,TRUE,TRUE,TRUE,TRUE,TRUE,5,FALSE
MPP7,TRUE,FALSE,TRUE,TRUE,TRUE,4,FALSE
MPST,FALSE,FALSE,FALSE,FALSE,FALSE,0,FALSE
MS4A1,FALSE,FALSE,TRUE,FALSE,FALSE,1,FALSE
MSLN,TRUE,FALSE,TRUE,FALSE,TRUE,3,FALSE
MSTN,TRUE,TRUE,FALSE,TRUE,TRUE,4,FALSE
MTAP,FALSE,FALSE,FALSE,FALSE,FALSE,0,FALSE
MTDH,FALSE,TRUE,TRUE,TRUE,TRUE,4,FALSE
MUC13,TRUE,FALSE,TRUE,TRUE,FALSE,3,FALSE
MUC16,TRUE,TRUE,TRUE,FALSE,TRUE,4,FALSE
MUC20,FALSE,FALSE,FALSE,FALSE,FALSE,0,FALSE
MVK,FALSE,FALSE,FALSE,FALSE,FALSE,0,TRUE
MYL11,FALSE,TRUE,TRUE,TRUE,TRUE,4,FALSE
MYL3,TRUE,TRUE,TRUE,FALSE,TRUE,4,FALSE
MYO1E,TRUE,TRUE,TRUE,TRUE,TRUE,5,FALSE
MYO9B,TRUE,TRUE,TRUE,TRUE,TRUE,5,FALSE
NAAA,FALSE,FALSE,TRUE,TRUE,FALSE,2,FALSE
NACC1,FALSE,FALSE,FALSE,FALSE,FALSE,0,FALSE
NAGA,FALSE,FALSE,FALSE,FALSE,FALSE,0,FALSE
NAGK,FALSE,FALSE,FALSE,FALSE,FALSE,0,FALSE
NAPRT,FALSE,FALSE,FALSE,FALSE,FALSE,0,FALSE
NBEAL2,TRUE,TRUE,TRUE,TRUE,FALSE,4,FALSE
NBN,TRUE,TRUE,TRUE,TRUE,TRUE,5,FALSE
NCAN,FALSE,FALSE,FALSE,FALSE,FALSE,0,FALSE
NCF1C_NCF1,FALSE,FALSE,FALSE,FALSE,FALSE,0,FALSE
NCKIPSD,FALSE,FALSE,FALSE,FALSE,TRUE,1,FALSE
NCR1,FALSE,FALSE,FALSE,FALSE,FALSE,0,FALSE
NCR3,FALSE,FALSE,FALSE,FALSE,FALSE,0,FALSE
NCR3LG1,FALSE,FALSE,TRUE,TRUE,TRUE,3,TRUE
NCS1,FALSE,FALSE,FALSE,FALSE,FALSE,0,FALSE
NDRG1,FALSE,FALSE,FALSE,FALSE,FALSE,0,FALSE
NDUFA5,FALSE,FALSE,FALSE,FALSE,FALSE,0,FALSE
NDUFAF2,FALSE,FALSE,FALSE,FALSE,FALSE,0,FALSE
NDUFB7,TRUE,TRUE,TRUE,TRUE,TRUE,5,FALSE
NDUFS6,FALSE,FALSE,TRUE,FALSE,FALSE,1,FALSE
NECAB2,FALSE,FALSE,FALSE,FALSE,FALSE,0,FALSE
NEFL,TRUE,FALSE,TRUE,FALSE,TRUE,3,TRUE
NELL1,TRUE,TRUE,TRUE,TRUE,TRUE,5,FALSE
NEO1,FALSE,FALSE,TRUE,FALSE,FALSE,1,FALSE
NFAT5,FALSE,TRUE,FALSE,TRUE,TRUE,3,FALSE
NFATC1,TRUE,FALSE,FALSE,FALSE,TRUE,2,FALSE
NFATC3,TRUE,TRUE,TRUE,TRUE,FALSE,4,FALSE
NFKB1,FALSE,FALSE,FALSE,FALSE,TRUE,1,FALSE
NFKBIE,FALSE,FALSE,FALSE,FALSE,FALSE,0,FALSE
NFU1,FALSE,FALSE,FALSE,FALSE,FALSE,0,FALSE
NFX1,FALSE,TRUE,TRUE,TRUE,TRUE,4,FALSE
NHEJ1,FALSE,TRUE,TRUE,TRUE,TRUE,4,FALSE
NIT1,FALSE,FALSE,FALSE,FALSE,FALSE,0,FALSE
NLGN1,FALSE,FALSE,FALSE,FALSE,FALSE,0,TRUE
NMI,FALSE,FALSE,TRUE,FALSE,FALSE,1,FALSE
NOS1,TRUE,FALSE,TRUE,TRUE,TRUE,4,FALSE
NOS2,FALSE,FALSE,FALSE,FALSE,TRUE,1,FALSE
NOS3,TRUE,TRUE,TRUE,FALSE,FALSE,3,FALSE
NPHS1,FALSE,FALSE,FALSE,FALSE,FALSE,0,FALSE
NPM1,FALSE,TRUE,TRUE,TRUE,TRUE,4,FALSE
NPPC,FALSE,FALSE,FALSE,TRUE,TRUE,2,FALSE
NPTXR,FALSE,FALSE,FALSE,FALSE,FALSE,0,FALSE
NPY,FALSE,FALSE,TRUE,FALSE,FALSE,1,FALSE
NQO1,TRUE,TRUE,FALSE,TRUE,TRUE,4,FALSE
NRTN,FALSE,TRUE,TRUE,TRUE,FALSE,3,FALSE
NT5C1A,FALSE,FALSE,FALSE,TRUE,TRUE,2,FALSE
NTF3,TRUE,TRUE,FALSE,TRUE,TRUE,4,FALSE
NUB1,TRUE,FALSE,FALSE,FALSE,TRUE,2,FALSE
NUCB2,FALSE,FALSE,FALSE,FALSE,FALSE,0,TRUE
NUDC,FALSE,FALSE,FALSE,FALSE,FALSE,0,FALSE
NUDCD3,FALSE,FALSE,FALSE,FALSE,FALSE,0,FALSE
NUMB,FALSE,FALSE,FALSE,FALSE,FALSE,0,FALSE
NUP50,FALSE,FALSE,FALSE,FALSE,FALSE,0,FALSE
NXPH3,TRUE,TRUE,TRUE,TRUE,FALSE,4,FALSE
OBP2B,FALSE,TRUE,FALSE,FALSE,TRUE,2,FALSE
OCLN,TRUE,TRUE,FALSE,TRUE,TRUE,4,FALSE
ODAM,FALSE,FALSE,FALSE,TRUE,FALSE,1,FALSE
OGA,FALSE,FALSE,FALSE,FALSE,FALSE,0,FALSE
OGFR,FALSE,FALSE,FALSE,FALSE,FALSE,0,FALSE
OSM,FALSE,FALSE,FALSE,FALSE,TRUE,1,FALSE
OTUD7B,FALSE,FALSE,TRUE,TRUE,TRUE,3,FALSE
PADI2,FALSE,FALSE,FALSE,FALSE,FALSE,0,FALSE
PADI4,FALSE,FALSE,FALSE,FALSE,FALSE,0,FALSE
PAEP,TRUE,FALSE,TRUE,FALSE,FALSE,2,FALSE
PAG1,FALSE,FALSE,FALSE,FALSE,FALSE,0,TRUE
PALM,FALSE,FALSE,FALSE,FALSE,FALSE,0,FALSE
PALM2,FALSE,FALSE,TRUE,FALSE,FALSE,1,FALSE
PAPPA,TRUE,TRUE,FALSE,FALSE,FALSE,2,FALSE
PARP1,TRUE,TRUE,TRUE,TRUE,TRUE,5,FALSE
PBXIP1,TRUE,TRUE,TRUE,TRUE,TRUE,5,FALSE
PCBP2,FALSE,FALSE,FALSE,FALSE,FALSE,0,FALSE
PCDH12,TRUE,TRUE,TRUE,TRUE,TRUE,5,FALSE
PCDH7,TRUE,FALSE,FALSE,FALSE,FALSE,1,FALSE
PCDH9,FALSE,FALSE,FALSE,FALSE,FALSE,0,FALSE
PCDHB15,TRUE,TRUE,TRUE,TRUE,TRUE,5,FALSE
PCNA,FALSE,FALSE,FALSE,FALSE,FALSE,0,TRUE
PCSK7,TRUE,FALSE,FALSE,TRUE,FALSE,2,FALSE
PDCD1,TRUE,TRUE,TRUE,TRUE,FALSE,4,FALSE
PDCD1LG2,FALSE,FALSE,FALSE,FALSE,FALSE,0,FALSE
PDE4C,FALSE,FALSE,TRUE,FALSE,FALSE,1,FALSE
PDGFC,TRUE,FALSE,TRUE,TRUE,TRUE,4,FALSE
PDZK1,TRUE,FALSE,TRUE,TRUE,FALSE,3,FALSE
PER3,FALSE,FALSE,TRUE,FALSE,FALSE,1,FALSE
PFKFB2,FALSE,FALSE,FALSE,FALSE,FALSE,0,FALSE
PGF,FALSE,TRUE,TRUE,TRUE,TRUE,4,FALSE
PGLYRP3,FALSE,FALSE,TRUE,FALSE,TRUE,2,FALSE
PGM2,FALSE,FALSE,FALSE,FALSE,FALSE,0,FALSE
PGR,FALSE,TRUE,FALSE,FALSE,FALSE,1,FALSE
PHLDB1,FALSE,TRUE,FALSE,TRUE,TRUE,3,FALSE
PIK3AP1,FALSE,FALSE,FALSE,TRUE,FALSE,1,FALSE
PIKFYVE,FALSE,TRUE,TRUE,TRUE,TRUE,4,FALSE
PJA2,FALSE,FALSE,FALSE,TRUE,FALSE,1,FALSE
PKD2,FALSE,TRUE,TRUE,TRUE,FALSE,3,FALSE
PLA2G10,FALSE,FALSE,TRUE,FALSE,FALSE,1,FALSE
PLCG1,FALSE,FALSE,FALSE,FALSE,FALSE,0,FALSE
PLIN1,FALSE,FALSE,FALSE,FALSE,FALSE,0,FALSE
PLXNA4,FALSE,FALSE,TRUE,FALSE,FALSE,1,FALSE
PNLIPRP1,FALSE,TRUE,TRUE,FALSE,FALSE,2,FALSE
PNMA1,TRUE,FALSE,FALSE,TRUE,FALSE,2,FALSE
PNPT1,TRUE,FALSE,FALSE,TRUE,TRUE,3,FALSE
POF1B,FALSE,FALSE,TRUE,FALSE,FALSE,1,FALSE
POLR2F,FALSE,FALSE,TRUE,TRUE,FALSE,2,FALSE
POLR3F,TRUE,TRUE,TRUE,TRUE,TRUE,5,FALSE
POMC,TRUE,TRUE,TRUE,TRUE,TRUE,5,FALSE
PON2,FALSE,FALSE,FALSE,FALSE,FALSE,0,FALSE
PPIE,FALSE,FALSE,FALSE,FALSE,TRUE,1,FALSE
PPL,TRUE,TRUE,TRUE,FALSE,TRUE,4,TRUE
PPME1,FALSE,FALSE,FALSE,FALSE,FALSE,0,FALSE
PPP2R5A,FALSE,FALSE,FALSE,FALSE,FALSE,0,FALSE
PRDX1,FALSE,FALSE,FALSE,TRUE,TRUE,2,FALSE
PRDX6,FALSE,FALSE,FALSE,FALSE,FALSE,0,FALSE
PREB,FALSE,FALSE,TRUE,TRUE,TRUE,3,FALSE
PRELP,TRUE,FALSE,TRUE,TRUE,TRUE,4,FALSE
PRKAB1,FALSE,FALSE,FALSE,TRUE,FALSE,1,FALSE
PRKAR1B,FALSE,FALSE,FALSE,FALSE,FALSE,0,FALSE
PRKAR2A,FALSE,FALSE,FALSE,FALSE,FALSE,0,FALSE
PRKN,FALSE,FALSE,FALSE,FALSE,FALSE,0,FALSE
PRKRA,FALSE,FALSE,FALSE,FALSE,FALSE,0,FALSE
PROK1,TRUE,FALSE,FALSE,FALSE,FALSE,1,FALSE
PRRC1,FALSE,FALSE,FALSE,FALSE,FALSE,0,FALSE
PRRT3,FALSE,FALSE,FALSE,FALSE,FALSE,0,FALSE
PRTG,TRUE,FALSE,FALSE,FALSE,TRUE,2,TRUE
PSAPL1,TRUE,FALSE,TRUE,FALSE,TRUE,3,FALSE
PSIP1,FALSE,TRUE,TRUE,TRUE,TRUE,4,FALSE
PSMB11,FALSE,FALSE,TRUE,TRUE,TRUE,3,FALSE
PSMD1,FALSE,FALSE,FALSE,TRUE,FALSE,1,FALSE
PSMD5,FALSE,FALSE,FALSE,FALSE,TRUE,1,FALSE
PSMD9,TRUE,FALSE,TRUE,FALSE,FALSE,2,FALSE
PSME1,FALSE,FALSE,FALSE,FALSE,FALSE,0,FALSE
PSME2,FALSE,FALSE,FALSE,FALSE,FALSE,0,FALSE
PSMG3,FALSE,FALSE,FALSE,FALSE,FALSE,0,FALSE
PSMG4,FALSE,FALSE,FALSE,FALSE,FALSE,0,FALSE
PSPN,TRUE,TRUE,TRUE,TRUE,TRUE,5,FALSE
PSTPIP1,FALSE,FALSE,FALSE,FALSE,TRUE,1,FALSE
PTEN,FALSE,FALSE,TRUE,FALSE,TRUE,2,FALSE
PTGES2,FALSE,FALSE,FALSE,FALSE,FALSE,0,TRUE
PTH,FALSE,FALSE,FALSE,TRUE,FALSE,1,FALSE
PTH1R,FALSE,FALSE,FALSE,FALSE,TRUE,1,FALSE
PTK7,FALSE,FALSE,TRUE,FALSE,FALSE,1,FALSE
PTP4A3,TRUE,FALSE,FALSE,FALSE,FALSE,1,FALSE
PTPN1,FALSE,FALSE,TRUE,TRUE,FALSE,2,FALSE
PTPN11,FALSE,FALSE,TRUE,TRUE,TRUE,3,FALSE
PTPN14,TRUE,TRUE,TRUE,TRUE,TRUE,5,FALSE
PTPRB,FALSE,TRUE,FALSE,FALSE,TRUE,2,FALSE
PTPRK,FALSE,FALSE,FALSE,FALSE,TRUE,1,FALSE
PTPRN2,FALSE,TRUE,FALSE,FALSE,FALSE,1,FALSE
PTPRR,TRUE,TRUE,TRUE,FALSE,TRUE,4,FALSE
PTPRZ1,FALSE,FALSE,FALSE,TRUE,FALSE,1,FALSE
PXN,FALSE,FALSE,FALSE,FALSE,FALSE,0,FALSE
PYDC1,FALSE,TRUE,FALSE,TRUE,FALSE,2,FALSE
PYHIN1,FALSE,TRUE,FALSE,TRUE,TRUE,3,FALSE
RAB2B,FALSE,FALSE,FALSE,FALSE,FALSE,0,FALSE
RAB37,FALSE,FALSE,FALSE,TRUE,TRUE,2,FALSE
RAB3IL1,FALSE,FALSE,TRUE,TRUE,TRUE,3,FALSE
RAB44,FALSE,TRUE,FALSE,FALSE,FALSE,1,FALSE
RABGAP1L,FALSE,FALSE,TRUE,FALSE,FALSE,1,FALSE
RAET1L_ULBP2,FALSE,FALSE,FALSE,TRUE,FALSE,1,FALSE
RALB,FALSE,TRUE,TRUE,FALSE,TRUE,3,FALSE
RAMP2,FALSE,FALSE,FALSE,TRUE,FALSE,1,FALSE
RANBP2,TRUE,TRUE,TRUE,TRUE,TRUE,5,FALSE
RAP1GAP,FALSE,FALSE,FALSE,FALSE,FALSE,0,FALSE
RASGRP2,FALSE,FALSE,FALSE,TRUE,TRUE,2,FALSE
RBFOX3,FALSE,FALSE,FALSE,FALSE,FALSE,0,FALSE
RBKS,FALSE,FALSE,FALSE,FALSE,FALSE,0,FALSE
RBPMS,FALSE,FALSE,TRUE,FALSE,FALSE,1,TRUE
RC3H1,FALSE,TRUE,TRUE,TRUE,TRUE,4,FALSE
RECK,TRUE,TRUE,FALSE,FALSE,TRUE,3,FALSE
REG3G,TRUE,FALSE,FALSE,TRUE,FALSE,2,FALSE
RET,FALSE,TRUE,FALSE,FALSE,FALSE,1,FALSE
RFC4,TRUE,TRUE,TRUE,TRUE,TRUE,5,FALSE
RGCC,FALSE,FALSE,FALSE,FALSE,FALSE,0,FALSE
RGS8,FALSE,FALSE,FALSE,FALSE,TRUE,1,FALSE
RIGI,FALSE,FALSE,FALSE,TRUE,FALSE,1,FALSE
RILP,TRUE,TRUE,TRUE,FALSE,TRUE,4,FALSE
RIPK3,FALSE,FALSE,FALSE,FALSE,TRUE,1,FALSE
RNF135,TRUE,TRUE,FALSE,FALSE,TRUE,3,FALSE
RNF149,FALSE,FALSE,FALSE,FALSE,FALSE,0,FALSE
RNF213,TRUE,TRUE,TRUE,TRUE,TRUE,5,FALSE
RNF25,TRUE,FALSE,TRUE,TRUE,TRUE,4,FALSE
RNF41,FALSE,FALSE,TRUE,TRUE,TRUE,3,TRUE
ROBO2,FALSE,FALSE,FALSE,TRUE,FALSE,1,FALSE
RPH3A,FALSE,FALSE,FALSE,FALSE,TRUE,1,FALSE
RPL14,FALSE,TRUE,TRUE,TRUE,TRUE,4,FALSE
RSPO1,TRUE,TRUE,TRUE,TRUE,TRUE,5,FALSE
RSPO3,TRUE,TRUE,TRUE,TRUE,TRUE,5,TRUE
RTBDN,TRUE,TRUE,TRUE,TRUE,TRUE,5,FALSE
RTN4R,FALSE,FALSE,TRUE,TRUE,FALSE,2,FALSE
RYK,TRUE,FALSE,TRUE,TRUE,TRUE,4,FALSE
S100A11,FALSE,FALSE,FALSE,FALSE,TRUE,1,FALSE
S100A12,TRUE,TRUE,TRUE,FALSE,TRUE,4,FALSE
S100A13,FALSE,TRUE,TRUE,TRUE,TRUE,4,TRUE
S100A16,FALSE,TRUE,FALSE,TRUE,TRUE,3,FALSE
SAMD9L,FALSE,TRUE,TRUE,TRUE,TRUE,4,FALSE
SASH3,FALSE,FALSE,TRUE,FALSE,FALSE,1,FALSE
SAV1,FALSE,FALSE,TRUE,TRUE,TRUE,3,FALSE
SCAMP3,FALSE,FALSE,FALSE,FALSE,FALSE,0,FALSE
SCARB1,FALSE,TRUE,FALSE,TRUE,FALSE,2,FALSE
SCARB2,FALSE,FALSE,TRUE,FALSE,FALSE,1,FALSE
SCG2,FALSE,FALSE,FALSE,FALSE,FALSE,0,FALSE
SCGN,TRUE,FALSE,TRUE,TRUE,TRUE,4,FALSE
SCN4B,FALSE,FALSE,FALSE,TRUE,FALSE,1,FALSE
SCPEP1,TRUE,FALSE,FALSE,TRUE,FALSE,2,TRUE
SCRIB,FALSE,FALSE,FALSE,FALSE,FALSE,0,FALSE
SCRN1,FALSE,FALSE,FALSE,FALSE,FALSE,0,FALSE
SDHA,FALSE,FALSE,FALSE,FALSE,FALSE,0,FALSE
SDHAF4,FALSE,FALSE,FALSE,FALSE,FALSE,0,FALSE
SDHB,FALSE,FALSE,FALSE,FALSE,FALSE,0,FALSE
SEC13,FALSE,FALSE,FALSE,FALSE,FALSE,0,FALSE
SEL1L,FALSE,FALSE,TRUE,FALSE,FALSE,1,FALSE
SEPTIN8,FALSE,TRUE,FALSE,TRUE,TRUE,3,FALSE
SERPINB4,FALSE,TRUE,TRUE,FALSE,TRUE,3,FALSE
SERPINB5,FALSE,FALSE,TRUE,TRUE,FALSE,2,FALSE
SERPINB8,FALSE,FALSE,FALSE,FALSE,FALSE,0,FALSE
SERPINB9,FALSE,FALSE,FALSE,FALSE,FALSE,0,FALSE
SERPINI2,TRUE,TRUE,TRUE,TRUE,FALSE,4,FALSE
SETMAR,FALSE,FALSE,TRUE,FALSE,FALSE,1,FALSE
SEZ6,FALSE,FALSE,TRUE,TRUE,FALSE,2,FALSE
SEZ6L2,FALSE,FALSE,FALSE,FALSE,FALSE,0,TRUE
SFTPA2,FALSE,FALSE,TRUE,FALSE,FALSE,1,FALSE
SH2B3,FALSE,FALSE,FALSE,FALSE,FALSE,0,FALSE
SH2D1A,FALSE,TRUE,TRUE,FALSE,FALSE,2,FALSE
SH3PXD2B,TRUE,TRUE,FALSE,TRUE,TRUE,4,FALSE
SIGLEC10,FALSE,FALSE,TRUE,FALSE,FALSE,1,FALSE
SIGLEC6,FALSE,FALSE,TRUE,FALSE,FALSE,1,FALSE
SIGLEC7,FALSE,FALSE,FALSE,FALSE,FALSE,0,FALSE
SIGLEC8,TRUE,FALSE,TRUE,FALSE,TRUE,3,FALSE
SIGLEC9,FALSE,FALSE,FALSE,FALSE,TRUE,1,FALSE
SIKE1,FALSE,FALSE,FALSE,FALSE,FALSE,0,FALSE
SIL1,FALSE,FALSE,FALSE,FALSE,FALSE,0,FALSE
SIPA1,FALSE,FALSE,FALSE,TRUE,TRUE,2,FALSE
SIRT1,FALSE,FALSE,TRUE,TRUE,FALSE,2,TRUE
SIRT2,FALSE,FALSE,FALSE,FALSE,FALSE,0,FALSE
SIT1,FALSE,FALSE,FALSE,FALSE,FALSE,0,FALSE
SKAP1,FALSE,FALSE,TRUE,FALSE,FALSE,1,FALSE
SLA2,FALSE,FALSE,FALSE,FALSE,FALSE,0,FALSE
SLAMF7,FALSE,TRUE,FALSE,FALSE,FALSE,1,FALSE
SLAMF8,TRUE,FALSE,FALSE,FALSE,FALSE,1,FALSE
SLC16A1,FALSE,FALSE,TRUE,FALSE,FALSE,1,FALSE
SLIT2,TRUE,TRUE,TRUE,TRUE,TRUE,5,FALSE
SLITRK1,FALSE,FALSE,FALSE,FALSE,FALSE,0,FALSE
SLITRK2,FALSE,TRUE,FALSE,TRUE,TRUE,3,FALSE
SLITRK6,TRUE,FALSE,FALSE,FALSE,FALSE,1,FALSE
SLMAP,FALSE,TRUE,TRUE,TRUE,TRUE,4,FALSE
SMAD1,TRUE,TRUE,TRUE,TRUE,TRUE,5,FALSE
SMAD2,FALSE,TRUE,TRUE,TRUE,TRUE,4,FALSE
SMAD3,TRUE,TRUE,TRUE,TRUE,TRUE,5,FALSE
SMAD5,TRUE,TRUE,TRUE,FALSE,TRUE,4,FALSE
SMARCA4,TRUE,TRUE,TRUE,TRUE,TRUE,5,FALSE
SMPD1,FALSE,FALSE,FALSE,FALSE,FALSE,0,FALSE
SMURF1,FALSE,TRUE,FALSE,TRUE,TRUE,3,FALSE
SNAP25,FALSE,FALSE,FALSE,FALSE,FALSE,0,FALSE
SNCG,FALSE,FALSE,FALSE,FALSE,FALSE,0,FALSE
SNED1,TRUE,TRUE,TRUE,TRUE,TRUE,5,FALSE
SNX29,FALSE,FALSE,TRUE,TRUE,TRUE,3,FALSE
SNX5,FALSE,FALSE,FALSE,FALSE,TRUE,1,FALSE
SPATA2L,FALSE,FALSE,FALSE,FALSE,FALSE,0,FALSE
SPINK6,FALSE,FALSE,FALSE,FALSE,FALSE,0,FALSE
SPN,FALSE,FALSE,TRUE,FALSE,FALSE,1,FALSE
SPOCK1,FALSE,TRUE,TRUE,TRUE,TRUE,4,FALSE
SPRED2,FALSE,FALSE,FALSE,FALSE,FALSE,0,FALSE
SPRR3,TRUE,TRUE,TRUE,TRUE,TRUE,5,FALSE
SPRY2,TRUE,FALSE,TRUE,FALSE,TRUE,3,FALSE
SPTBN2,FALSE,FALSE,FALSE,FALSE,FALSE,0,FALSE
SRP14,FALSE,FALSE,TRUE,TRUE,TRUE,3,FALSE
SRPK2,FALSE,FALSE,FALSE,TRUE,TRUE,2,FALSE
SSB,FALSE,FALSE,TRUE,FALSE,FALSE,1,FALSE
ST3GAL1,FALSE,FALSE,FALSE,FALSE,FALSE,0,FALSE
STAMBP,FALSE,FALSE,FALSE,TRUE,FALSE,1,FALSE
STAT2,FALSE,FALSE,FALSE,TRUE,FALSE,1,FALSE
STK11,FALSE,FALSE,FALSE,FALSE,FALSE,0,FALSE
STK11IP,TRUE,FALSE,FALSE,TRUE,TRUE,3,TRUE
STK39,FALSE,FALSE,FALSE,FALSE,FALSE,0,FALSE
STX4,FALSE,FALSE,FALSE,FALSE,FALSE,0,FALSE
STX5,TRUE,FALSE,FALSE,TRUE,TRUE,3,FALSE
STX7,FALSE,FALSE,FALSE,FALSE,FALSE,0,FALSE
STX8,FALSE,FALSE,FALSE,FALSE,FALSE,0,FALSE
STXBP3,TRUE,FALSE,FALSE,FALSE,FALSE,1,FALSE
SULT2A1,FALSE,FALSE,FALSE,FALSE,FALSE,0,FALSE
SUMO1,FALSE,FALSE,FALSE,FALSE,FALSE,0,FALSE
SUSD4,FALSE,FALSE,FALSE,FALSE,FALSE,0,FALSE
SWAP70,FALSE,FALSE,FALSE,FALSE,FALSE,0,FALSE
SYT1,FALSE,FALSE,FALSE,FALSE,FALSE,0,TRUE
TAB2,TRUE,TRUE,FALSE,TRUE,TRUE,4,FALSE
TACSTD2,FALSE,TRUE,TRUE,FALSE,FALSE,2,FALSE
TAFA5,TRUE,FALSE,TRUE,TRUE,TRUE,4,FALSE
TARBP2,FALSE,FALSE,FALSE,TRUE,FALSE,1,FALSE
TARDBP,FALSE,TRUE,TRUE,TRUE,TRUE,4,FALSE
TAX1BP1,FALSE,FALSE,FALSE,FALSE,FALSE,0,FALSE
TCERG1,FALSE,TRUE,TRUE,TRUE,TRUE,4,FALSE
TCL1A,FALSE,TRUE,TRUE,FALSE,FALSE,2,FALSE
TDGF1,TRUE,FALSE,FALSE,FALSE,TRUE,2,FALSE
TFEB,FALSE,TRUE,TRUE,TRUE,TRUE,4,FALSE
TG,FALSE,FALSE,FALSE,FALSE,FALSE,0,FALSE
TGFA,FALSE,FALSE,FALSE,TRUE,FALSE,1,FALSE
TGFB1,FALSE,TRUE,FALSE,FALSE,FALSE,1,FALSE
TGFBR1,TRUE,FALSE,TRUE,TRUE,FALSE,3,FALSE
THPO,FALSE,FALSE,FALSE,FALSE,FALSE,0,FALSE
TIGAR,FALSE,FALSE,FALSE,FALSE,FALSE,0,FALSE
TIMP2,FALSE,FALSE,FALSE,FALSE,FALSE,0,FALSE
TK1,TRUE,FALSE,FALSE,FALSE,FALSE,1,TRUE
TLR1,TRUE,FALSE,TRUE,FALSE,TRUE,3,FALSE
TLR2,FALSE,FALSE,FALSE,FALSE,FALSE,0,FALSE
TLR3,TRUE,TRUE,FALSE,TRUE,TRUE,4,FALSE
TLR4,FALSE,FALSE,TRUE,FALSE,FALSE,1,FALSE
TMEM106A,FALSE,FALSE,FALSE,FALSE,FALSE,0,FALSE
TMEM25,TRUE,TRUE,TRUE,FALSE,FALSE,3,FALSE
TMPRSS11D,TRUE,TRUE,TRUE,TRUE,TRUE,5,FALSE
TMPRSS15,FALSE,FALSE,TRUE,FALSE,FALSE,1,FALSE
TMPRSS5,FALSE,TRUE,TRUE,TRUE,FALSE,3,FALSE
TNF,TRUE,FALSE,FALSE,FALSE,FALSE,1,FALSE
TNFAIP6,TRUE,TRUE,TRUE,FALSE,FALSE,3,FALSE
TNFAIP8,FALSE,TRUE,FALSE,FALSE,TRUE,2,FALSE
TNFRSF10A,FALSE,FALSE,TRUE,TRUE,FALSE,2,FALSE
TNFRSF10B,FALSE,FALSE,FALSE,FALSE,FALSE,0,FALSE
TNFRSF11A,FALSE,FALSE,TRUE,FALSE,FALSE,1,FALSE
TNFRSF11B,TRUE,TRUE,TRUE,TRUE,TRUE,5,FALSE
TNFRSF13B,FALSE,FALSE,TRUE,TRUE,FALSE,2,FALSE
TNFRSF13C,FALSE,FALSE,FALSE,FALSE,FALSE,0,FALSE
TNFRSF19,TRUE,FALSE,FALSE,TRUE,TRUE,3,FALSE
TNFRSF6B,FALSE,FALSE,TRUE,TRUE,FALSE,2,FALSE
TNFRSF9,FALSE,FALSE,TRUE,TRUE,TRUE,3,FALSE
TNFSF11,FALSE,FALSE,FALSE,FALSE,FALSE,0,FALSE
TNFSF12,FALSE,TRUE,TRUE,TRUE,TRUE,4,FALSE
TNFSF13,FALSE,FALSE,FALSE,TRUE,FALSE,1,FALSE
TNFSF14,FALSE,FALSE,TRUE,TRUE,FALSE,2,FALSE
TNFSF15,TRUE,TRUE,TRUE,FALSE,FALSE,3,FALSE
TNIP1,TRUE,TRUE,TRUE,TRUE,TRUE,5,FALSE
TNR,FALSE,FALSE,FALSE,FALSE,FALSE,0,FALSE
TOP2B,FALSE,FALSE,FALSE,TRUE,TRUE,2,FALSE
TP53,FALSE,TRUE,TRUE,TRUE,TRUE,4,FALSE
TP53BP1,FALSE,FALSE,FALSE,FALSE,FALSE,0,FALSE
TPMT,FALSE,FALSE,FALSE,FALSE,FALSE,0,FALSE
TPR,FALSE,TRUE,TRUE,TRUE,TRUE,4,FALSE
TPSAB1,FALSE,FALSE,FALSE,FALSE,FALSE,0,FALSE
TRIAP1,FALSE,FALSE,FALSE,FALSE,FALSE,0,FALSE
TRIM21,FALSE,FALSE,FALSE,FALSE,FALSE,0,FALSE
TRIM25,TRUE,TRUE,TRUE,TRUE,TRUE,5,FALSE
TRIM40,FALSE,TRUE,TRUE,FALSE,FALSE,2,FALSE
TRIM41,FALSE,TRUE,TRUE,TRUE,TRUE,4,FALSE
TRIM5,FALSE,FALSE,FALSE,TRUE,TRUE,2,FALSE
TRIM58,FALSE,FALSE,FALSE,FALSE,FALSE,0,FALSE
TRIP11,FALSE,FALSE,FALSE,TRUE,FALSE,1,FALSE
TSC22D3,FALSE,FALSE,FALSE,FALSE,FALSE,0,FALSE
TSLP,FALSE,TRUE,FALSE,TRUE,FALSE,2,FALSE
TXLNA,TRUE,TRUE,FALSE,TRUE,TRUE,4,FALSE
TYMS,FALSE,FALSE,FALSE,FALSE,FALSE,0,TRUE
UBA52,FALSE,FALSE,FALSE,FALSE,FALSE,0,FALSE
UBAC1,FALSE,FALSE,FALSE,FALSE,FALSE,0,FALSE
UBE2B,FALSE,FALSE,FALSE,FALSE,FALSE,0,FALSE
UBE2E2,FALSE,FALSE,FALSE,TRUE,FALSE,1,FALSE
UBE2Z,FALSE,FALSE,FALSE,FALSE,FALSE,0,FALSE
UBL4A,FALSE,FALSE,TRUE,FALSE,FALSE,1,FALSE
UBOX5,FALSE,FALSE,FALSE,FALSE,TRUE,1,FALSE
UBR2,FALSE,FALSE,FALSE,TRUE,FALSE,1,FALSE
UNG,TRUE,TRUE,TRUE,TRUE,TRUE,5,FALSE
USO1,FALSE,FALSE,FALSE,FALSE,FALSE,0,FALSE
USP8,TRUE,TRUE,FALSE,TRUE,TRUE,4,FALSE
VAMP8,TRUE,FALSE,TRUE,TRUE,TRUE,4,FALSE
VAV3,FALSE,FALSE,TRUE,TRUE,TRUE,3,FALSE
VEGFA,FALSE,FALSE,TRUE,TRUE,TRUE,3,FALSE
VEGFB,FALSE,FALSE,FALSE,TRUE,TRUE,2,FALSE
VEGFD,TRUE,FALSE,FALSE,TRUE,TRUE,3,FALSE
VGF,FALSE,FALSE,FALSE,FALSE,TRUE,1,FALSE
VNN2,FALSE,FALSE,FALSE,FALSE,TRUE,1,FALSE
VPS54,TRUE,TRUE,TRUE,FALSE,TRUE,4,FALSE
VRK3,FALSE,TRUE,TRUE,TRUE,TRUE,4,FALSE
VSIG10L,TRUE,TRUE,TRUE,TRUE,TRUE,5,FALSE
VSNL1,FALSE,FALSE,FALSE,FALSE,FALSE,0,FALSE
VWA1,TRUE,FALSE,TRUE,TRUE,TRUE,4,FALSE
VWC2,FALSE,FALSE,TRUE,FALSE,FALSE,1,FALSE
WAS,FALSE,FALSE,FALSE,FALSE,FALSE,0,FALSE
WASF3,TRUE,TRUE,TRUE,TRUE,TRUE,5,FALSE
WASL,FALSE,TRUE,FALSE,TRUE,TRUE,3,FALSE
WDR91,FALSE,FALSE,FALSE,FALSE,FALSE,0,FALSE
WFDC3,FALSE,FALSE,FALSE,FALSE,FALSE,0,FALSE
WIF1,TRUE,TRUE,TRUE,TRUE,TRUE,5,FALSE
WNT9A,FALSE,FALSE,TRUE,FALSE,FALSE,1,FALSE
WWP2,FALSE,TRUE,TRUE,TRUE,TRUE,4,FALSE
XCL1,FALSE,FALSE,TRUE,FALSE,FALSE,1,FALSE
XIAP,FALSE,FALSE,FALSE,FALSE,FALSE,0,FALSE
YES1,FALSE,FALSE,FALSE,FALSE,FALSE,0,FALSE
YOD1,FALSE,FALSE,FALSE,FALSE,FALSE,0,FALSE
ZBP1,FALSE,FALSE,FALSE,FALSE,FALSE,0,FALSE
ZBTB16,TRUE,TRUE,FALSE,TRUE,TRUE,4,FALSE
ZBTB17,FALSE,TRUE,TRUE,TRUE,TRUE,4,FALSE
ZC3H12A,TRUE,FALSE,FALSE,TRUE,TRUE,3,FALSE
ZC3H12D,FALSE,FALSE,FALSE,FALSE,TRUE,1,FALSE
ZER1,FALSE,FALSE,FALSE,FALSE,FALSE,0,FALSE
ZFAND2B,FALSE,FALSE,FALSE,FALSE,FALSE,0,FALSE
