Assay,AD-S_1pg_vs_Ctrl-S_1pg,AD-S_5pg_vs_Ctrl-S_5pg,AD-S_10pg_vs_Ctrl-S_10pg,AD_20pg_vs_Ctrl-S_20pg,AD-S_40pg_vs_Ctrl-S_40pg,n_comparisons
ABI3BP,True,True,True,False,True,4
ABL1,False,True,False,True,True,3
ACAA1,False,False,False,False,True,1
ACAN,False,False,True,False,False,1
ACE2,False,False,False,False,True,1
ACP1,False,False,False,False,False,0
ACP3,True,False,True,False,True,3
ACP6,False,False,False,False,False,0
ACRV1,False,False,True,True,False,2
ACVRL1,True,False,False,False,True,2
ACY3,False,True,True,False,True,3
ADA,True,True,True,True,True,5
ADAM12,False,False,False,True,True,2
ADAM15,False,True,True,True,False,3
ADAM22,False,True,True,True,False,3
ADAM23,False,True,True,True,True,4
ADAM8,False,False,False,False,False,0
ADAMTS1,True,True,True,True,True,5
ADAMTS15,False,False,False,False,False,0
ADAMTSL4,False,False,False,False,True,1
ADGRB1,False,False,False,False,False,0
ADGRB3,False,False,True,False,True,2
ADGRE1,False,True,True,False,True,3
ADGRE3,False,False,False,True,True,2
ADGRG3,True,False,True,False,True,3
ADH4,False,False,False,False,False,0
ADM,True,False,False,True,True,3
ADSL,True,False,False,True,True,3
AFAP1L1,True,True,False,True,True,4
AFAP1L2,True,False,False,False,True,2
AGR2,True,False,True,False,True,3
AGRP,True,False,False,False,False,1
AHNAK,True,True,False,False,True,3
AHNAK2,True,False,False,True,True,3
AHSA1,False,False,False,False,False,0
AIF1,False,False,False,False,False,0
AKAP2,False,False,False,False,False,0
AKAP8,False,True,True,True,True,4
AKT1S1,False,False,False,False,False,0
AKT2,False,False,False,False,False,0
AKT3,False,False,True,False,False,1
ALDH3A1,False,False,True,False,False,1
ALK,False,True,True,False,False,2
ALPI,False,False,False,True,True,2
AMDHD1,True,False,True,False,True,3
AMIGO2,False,True,False,True,True,3
ANKMY2,False,False,False,False,False,0
ANKRD11,True,True,True,True,True,5
ANP32E,False,False,False,False,False,0
ANXA10,False,False,False,False,False,0
ANXA2,True,True,False,True,True,4
AOC1,False,False,True,False,False,1
AP3B1,False,True,True,True,True,4
APBB1IP,False,False,False,False,False,0
APEX1,True,True,False,True,True,4
APIP,False,False,False,False,False,0
ARG1,False,True,True,True,False,3
ARHGEF12,True,False,True,True,True,4
ARHGEF2,False,True,True,True,True,4
ASGR1,True,True,False,True,True,4
ASPSCR1,False,False,False,False,False,0
ASS1,False,False,False,False,False,0
ATAD3B,False,True,True,True,True,4
ATE1,False,False,False,False,False,0
ATF1,True,True,True,True,True,5
ATF2,False,True,True,True,True,4
ATG16L1,False,False,False,False,False,0
ATOX1,False,False,False,False,False,0
ATP6AP2,False,True,True,False,True,3
ATP6V0D1,False,False,False,False,False,0
ATP6V1F,False,False,False,False,False,0
ATP6V1G1,False,False,False,False,False,0
ATP6V1G2,False,False,False,False,False,0
ATRAID,False,False,False,False,False,0
ATXN3,False,False,False,False,False,0
AXIN1,True,True,True,True,True,5
AZI2,True,True,True,True,True,5
B3GNT7,True,False,True,False,False,2
BACE1,False,False,False,False,False,0
BACH1,False,False,False,False,False,0
BAG4,False,False,False,False,False,0
BAG5,False,False,False,False,False,0
BAG6,False,False,False,False,False,0
BAIAP2,False,False,False,False,False,0
BANK1,False,False,False,False,False,0
BAX,False,False,False,False,False,0
BCAN,False,False,False,False,False,0
BCL2,True,False,True,True,True,4
BCL2L1,False,False,True,False,False,1
BCL2L15,True,False,True,True,True,4
BCR,False,False,True,False,True,2
BGN,True,True,False,True,False,3
BLNK,True,True,False,True,True,4
BMP4,False,False,True,False,False,1
BMP6,True,True,False,False,False,2
BMP7,True,True,False,True,False,3
BNIP3L,False,False,False,False,True,1
BOC,True,False,False,True,True,3
BOLA2,False,False,False,False,False,0
BPIFA2,False,False,False,False,False,0
BRD2,True,True,True,True,True,5
BSG,False,False,False,False,False,0
BTC,True,True,True,False,True,4
BTLA,False,True,True,True,True,4
BTN1A1,False,False,False,True,True,2
BTN3A2,False,False,False,False,False,0
BTNL9,False,False,False,False,False,0
C16orf89,False,False,False,False,False,0
C1QA,False,False,False,False,False,0
C1QL2,False,True,True,True,False,3
C1QTNF6,False,True,False,False,True,2
C4BPB,False,False,True,True,True,3
C8orf34,False,False,True,False,False,1
C9orf40,False,False,False,False,False,0
CA12,False,False,False,True,False,1
CA14,False,False,False,False,False,0
CA9,False,False,False,True,False,1
CALCA,False,True,True,True,True,4
CALCB,True,False,False,True,False,2
CALCOCO1,False,False,True,True,True,3
CALCOCO2,True,False,False,False,False,1
CALML4,True,True,True,True,True,5
CAMK4,False,False,False,False,False,0
CAMSAP1,True,True,True,True,True,5
CAPG,False,True,False,False,False,1
CAPN3,False,False,True,False,False,1
CAPS,False,True,True,True,True,4
CASP1,False,True,False,False,False,1
CASP10,False,False,False,False,False,0
CASP2,True,False,False,False,False,1
CASP4,False,False,False,False,False,0
CASP7,False,False,True,False,False,1
CASP8,True,True,False,False,True,3
CASP9,False,False,False,False,False,0
CAST,False,False,False,False,True,1
CBLB,True,True,True,True,True,5
CBLN4,False,True,True,True,True,4
CBS,False,False,True,False,False,1
CC2D1A,False,False,False,True,False,1
CCAR1,False,False,False,True,False,1
CCER2,False,False,True,False,True,2
CCK,False,True,False,True,True,3
CCL11,False,False,True,False,False,1
CCL19,False,True,True,False,True,3
CCL2,False,False,False,True,True,2
CCL20,False,False,True,False,True,2
CCL23,True,True,True,False,True,4
CCL25,False,False,True,False,False,1
CCL26,True,False,True,False,False,2
CCL28,False,False,False,False,False,0
CCL3,False,True,True,False,False,2
CCL4,False,True,True,True,True,4
CCL7,False,False,False,True,False,1
CCL8,False,True,True,True,True,4
CCN1,False,True,True,True,True,4
CCN4,False,True,True,True,True,4
CCND1,True,False,False,True,True,3
CD101,False,True,False,True,True,3
CD160,True,False,True,False,False,2
CD200,False,False,False,False,False,0
CD200R1,False,False,False,True,True,2
CD207,True,False,False,True,False,2
CD22,True,True,False,True,False,3
CD226,True,True,False,False,False,2
CD244,True,True,False,True,True,4
CD274,True,False,True,False,False,2
CD28,False,False,False,False,False,0
CD300E,False,True,False,False,False,1
CD300LB,False,False,False,False,False,0
CD302,False,False,True,False,False,1
CD33,False,False,True,False,False,1
CD38,False,False,False,True,False,1
CD4,False,False,True,True,True,3
CD40LG,False,False,True,True,True,3
CD5,False,False,False,False,False,0
CD6,False,True,False,False,True,2
CD63,False,False,False,False,False,0
CD7,True,False,True,False,False,2
CD70,False,False,False,True,True,2
CD79B,True,False,True,True,True,4
CD83,False,False,True,True,False,2
CD84,False,False,False,False,False,0
CD86,True,True,False,True,True,4
CDC26,False,True,True,True,True,4
CDCP1,True,True,False,True,True,4
CDH3,False,False,False,False,False,0
CDKN1A,False,False,False,False,False,0
CDNF,True,False,False,False,False,1
CDSN,True,False,True,True,False,3
CEACAM16,True,False,False,True,False,2
CEACAM19,False,False,False,False,False,0
CEACAM21,False,False,True,True,True,3
CEACAM3,False,False,True,False,False,1
CEACAM5,False,False,True,True,True,3
CEACAM8,True,False,False,False,False,1
CEBPA,False,False,False,True,True,2
CEBPB,False,False,True,True,True,3
CEMIP2,False,False,False,False,False,0
CENPS,False,False,True,False,False,1
CEP164,True,True,True,True,True,5
CES2,False,False,False,False,False,0
CES3,True,False,False,False,True,2
CFAP36,False,False,False,False,False,0
CFC1,True,True,True,True,False,4
CFDP1,False,False,False,True,True,2
CHCHD6,False,True,True,True,True,4
CHRM1,False,True,True,True,True,4
CHRM3,False,True,False,True,True,3
CHST2,False,True,True,True,True,4
CHUK,True,True,True,True,True,5
CKAP4,False,True,False,True,False,2
CLEC10A,False,False,False,False,False,0
CLEC12A,False,False,True,False,True,2
CLEC1A,True,False,False,False,False,1
CLEC4A,True,False,False,False,False,1
CLEC4C,False,True,False,False,False,1
CLEC4D,False,True,True,False,False,2
CLEC4G,False,False,False,False,False,0
CLEC5A,False,True,False,False,True,2
CLEC6A,False,True,False,False,False,1
CLEC7A,False,False,False,False,False,0
CLSTN2,True,True,True,True,True,5
CLSTN3,True,False,True,True,True,4
CLTA,False,False,False,False,False,0
CNP,False,False,False,True,True,2
CNPY4,False,False,False,False,False,0
CNTN2,False,False,True,False,True,2
CNTNAP2,False,False,False,True,True,2
COL24A1,True,False,True,False,True,3
COL28A1,False,False,False,False,False,0
COL9A1,False,True,True,False,False,2
COMMD9,False,False,False,False,True,1
COMT,False,False,False,False,False,0
CPE,False,False,False,False,False,0
CPVL,False,True,True,True,True,4
CRACR2A,False,False,False,False,False,0
CRADD,False,False,False,False,False,0
CRH,False,False,False,False,False,0
CRISP2,True,False,True,False,False,2
CRNN,False,True,True,False,False,2
CRTAM,False,True,False,False,False,1
CRYZL1,False,False,False,False,False,0
CSF1,False,False,False,False,False,0
CSF2,False,False,False,False,False,0
CSF2RB,False,False,False,False,False,0
CSF3,False,False,False,False,False,0
CSF3R,False,False,False,False,False,0
CSNK1D,False,True,True,True,True,4
CSRP3,True,False,True,True,True,4
CST5,True,False,False,True,False,2
CTF1,False,True,False,True,True,3
CTH,False,False,False,False,False,0
CTRC,True,True,True,True,True,5
CTRL,True,True,False,True,False,3
CTSF,False,False,False,True,False,1
CTSH,True,False,True,False,False,2
CTSO,False,False,True,False,False,1
CTSV,True,True,False,True,True,4
CX3CL1,True,False,False,False,True,2
CXADR,False,False,False,False,False,0
CXCL1,False,True,False,True,True,3
CXCL10,False,True,True,False,True,3
CXCL11,True,True,True,False,True,4
CXCL12,False,True,True,False,False,2
CXCL17,False,True,False,True,False,2
CXCL6,True,True,True,True,True,5
CXCL8,True,True,True,False,False,3
CXCL9,False,False,True,False,False,1
CYB5R2,False,False,False,True,True,2
CYLD,False,False,False,False,True,1
DAPK2,False,False,False,False,False,0
DAPP1,False,False,True,False,False,1
DBN1,False,False,False,False,False,0
DCN,True,True,False,True,True,4
DCPS,False,False,False,False,False,0
DCTN1,False,False,False,False,False,0
DCTN2,False,False,True,False,False,1
DCTN4,False,False,False,False,False,0
DDX21,False,True,True,True,True,4
DDX39A,True,False,False,False,False,1
DDX60,False,True,True,False,True,3
DECR1,True,False,True,True,True,4
DEFB103A_DEFB103B,True,False,True,False,True,3
DENR,True,True,True,True,True,5
DFFA,False,False,False,False,False,0
DGKA,True,False,False,False,True,2
DHPS,False,False,False,False,False,0
DHX36,True,True,True,True,True,5
DKK4,True,False,False,True,True,3
DLG4,False,False,False,False,False,0
DNAJA4,False,False,True,True,True,3
DNAJB1,False,False,False,False,False,0
DNAJC6,False,False,False,False,False,0
DNM1,False,True,False,True,True,3
DNM3,False,False,False,False,False,0
DNMBP,True,True,False,True,True,4
DNPEP,False,False,False,False,False,0
DPEP1,False,True,False,True,False,2
DPEP2,True,True,True,True,True,5
DPP10,False,False,False,False,False,0
DPP6,False,False,False,False,False,0
DPY30,False,False,False,False,False,0
DRAXIN,True,True,True,True,True,5
DSG3,False,False,True,False,False,1
DTNB,False,False,False,True,False,1
DTX3,False,False,False,True,True,2
DTX3L,False,True,True,True,True,4
DUT,False,False,False,False,False,0
DYNC1H1,True,False,False,True,True,3
DYNC1I2,False,False,False,False,True,1
EBAG9,False,False,False,True,False,1
EBI3_IL27,False,True,False,False,False,1
ECE1,False,False,False,False,True,1
ECSIT,False,True,True,True,True,4
EDA2R,False,False,False,True,False,1
EDAR,True,True,False,True,True,4
EDNRB,False,False,False,True,True,2
EFHD2,False,False,False,False,False,0
EFNA4,False,False,True,True,False,2
EGFLAM,True,False,False,False,True,2
EGLN1,False,False,False,True,True,2
EHD4,True,True,False,True,True,4
EIF2S2,False,True,True,True,True,4
EIF4E,False,False,False,False,False,0
EIF4E2,False,False,True,True,True,3
ELOB,False,False,False,False,False,0
EML4,False,False,False,True,False,1
ENAH,False,False,False,False,False,0
ENDOU,False,False,True,False,False,1
ENPP1,True,False,False,True,False,2
ENPP6,False,False,False,False,False,0
ENTPD5,True,False,False,True,True,3
ENTPD6,False,False,False,False,False,0
EPB41L3,False,False,False,False,False,0
EPHA2,False,True,True,True,False,3
EPHB6,False,False,True,False,False,1
EPS8L2,False,False,True,True,True,3
ERBB4,True,False,False,True,False,2
EREG,False,False,True,False,False,1
ERF,False,False,False,False,False,0
ERG,True,True,True,True,True,5
ERN1,True,True,True,True,True,5
ERP44,False,False,True,False,False,1
ESR1,False,True,False,False,False,1
EVA1C,False,True,False,False,False,1
EVI5,True,False,True,True,True,4
EVL,False,False,False,False,False,0
EXOSC3,False,True,True,True,True,4
EZR,False,True,True,False,True,3
F3,False,False,False,False,False,0
FAF2,True,False,True,True,True,4
FAM3B,False,False,False,False,False,0
FAM3D,True,True,True,True,True,5
FASLG,False,False,True,False,True,2
FBXO28,True,True,True,True,True,5
FBXO40,False,False,False,False,False,0
FCAR,False,False,False,False,False,0
FCER1A,False,True,False,True,False,2
FCRL2,True,True,True,False,False,3
FCRL3,False,False,True,False,True,2
FCRL6,False,False,False,False,False,0
FGF19,True,True,True,True,True,5
FGF2,False,True,True,True,True,4
FGF21,True,False,True,False,False,2
FGF23,False,False,True,True,True,3
FGF5,False,True,True,True,True,4
FGFBP3,False,True,True,True,True,4
FGR,True,True,True,True,True,5
FHIT,False,False,False,False,False,0
FKBP10,False,False,False,False,False,0
FKBP15,False,False,False,False,False,0
FKBP4,False,False,False,False,False,0
FKBP5,False,False,False,False,False,0
FKBPL,False,False,False,False,False,0
FLRT2,False,False,True,False,True,2
FLT3,False,False,False,False,False,0
FLT3LG,False,True,False,False,False,1
FMNL1,False,False,False,False,False,0
FNDC1,True,False,True,True,True,4
FNTA,False,False,False,False,False,0
FOLH1,False,False,False,True,False,1
FOXJ3,True,True,True,True,True,5
FOXO1,True,False,False,False,False,1
FOXO3,False,False,False,False,False,0
FRZB,True,True,True,True,True,5
FSTL1,False,False,False,False,False,0
FURIN,True,False,True,False,False,2
FUS,False,True,True,True,True,4
FUT8,True,True,True,True,True,5
FXYD5,False,False,False,False,False,0
FYCO1,True,False,False,False,False,1
GALNT10,True,True,True,True,True,5
GALNT2,True,True,True,True,True,5
GALNT3,True,True,True,False,True,4
GAP43,False,False,False,False,False,0
GBA1,False,False,False,False,False,0
GBP2,False,False,True,False,False,1
GBP3,False,False,False,False,False,0
GCG,True,False,False,False,True,2
GCNT1,True,True,False,True,True,4
GDNF,False,False,False,False,False,0
GFAP,False,False,False,True,False,1
GFER,False,False,False,False,False,0
GFRA1,True,False,False,False,False,1
GFRA2,False,True,False,True,True,3
GFRA3,False,False,False,False,False,0
GFRAL,False,False,False,False,False,0
GIT1,False,True,True,True,True,4
GLIPR1,False,True,True,False,False,2
GLRX2,False,False,False,False,False,0
GMPR,False,False,False,False,True,1
GOPC,False,False,False,False,True,1
GP2,False,False,False,False,False,0
GPA33,True,False,True,False,False,2
GPC1,False,True,True,True,False,3
GPC5,False,False,False,True,True,2
GPD1,False,True,True,True,True,4
GPIHBP1,False,False,False,False,False,0
GPR15LG,True,False,False,False,True,2
GPR37,False,False,True,True,True,3
GRP,False,True,True,True,False,3
GRPEL1,False,False,False,False,False,0
GSDMD,False,False,False,False,False,0
GSTP1,False,False,False,False,False,0
GZMA,False,True,True,False,False,2
GZMB,False,False,False,True,True,2
GZMH,False,True,True,False,False,2
HAO1,True,False,True,True,False,3
HAVCR1,False,True,True,False,False,2
HBEGF,False,True,True,True,True,4
HCLS1,True,True,True,True,True,5
HDAC5,False,False,True,True,True,3
HDAC9,True,True,True,True,False,4
HEPH,True,False,False,True,True,3
HGF,False,True,True,True,True,4
HHEX,False,False,True,False,True,2
HIF1A,False,False,False,False,False,0
HLA-A,False,False,True,False,False,1
HMBS,False,False,False,False,False,0
HMOX2,False,False,False,False,False,0
HNMT,False,True,True,False,True,3
HNRNPA0,False,False,True,True,False,2
HNRNPUL1,False,False,False,False,False,0
HOMER3,False,False,False,True,False,1
HPGDS,False,False,False,False,False,0
HRAS,False,True,False,False,True,2
HRC,True,False,False,False,True,2
HRH1,False,False,False,True,False,1
HS6ST2,False,False,False,False,False,0
HSD11B1,True,False,False,False,False,1
HSP90B1,False,False,False,False,False,0
HSPA13,False,False,False,False,False,0
HSPB6,True,False,False,True,False,2
ICA1,False,False,False,True,True,2
ICAM4,True,True,False,True,False,3
ICOSLG,False,False,False,False,True,1
IDO1,False,True,True,False,False,2
IDS,False,False,False,False,False,0
IDUA,False,False,False,True,True,2
IFI30,True,True,True,True,True,5
IFIT1,False,False,False,False,False,0
IFIT3,False,False,False,False,False,0
IFNAR1,False,False,False,True,False,1
IFNB1,True,False,True,False,True,3
IFNG,False,False,True,False,False,1
IFNGR1,False,False,False,False,False,0
IFNGR2,False,False,False,False,False,0
IFNL4,False,False,False,False,False,0
IFNLR1,True,False,False,False,True,2
IGBP1,False,False,False,False,False,0
IGF1R,False,False,True,False,False,1
IGFL4,False,False,True,False,False,1
IGSF3,False,False,False,False,False,0
IKBKG,True,False,False,True,False,2
IL10,False,False,True,True,False,2
IL10RA,True,False,False,True,False,2
IL11,False,False,False,False,False,0
IL11RA,False,False,False,True,False,1
IL12A_IL12B,True,True,True,False,True,4
IL12B,False,False,True,False,True,2
IL12RB1,False,False,True,True,True,3
IL13,False,False,False,False,False,0
IL15,False,False,False,False,False,0
IL15RA,False,False,False,False,False,0
IL16,False,True,False,False,False,1
IL17A,True,False,False,True,False,2
IL17C,False,False,True,False,False,1
IL17D,False,True,False,True,False,2
IL17F,True,False,False,False,False,1
IL17RB,False,False,False,False,False,0
IL18,True,True,True,True,True,5
IL18R1,False,False,False,True,False,1
IL18RAP,True,False,True,True,False,3
IL1A,False,False,True,True,True,3
IL1B,False,False,True,False,True,2
IL1RL2,True,True,False,True,True,4
IL2,True,False,False,True,False,2
IL20,False,False,False,False,False,0
IL20RA,False,False,False,False,True,1
IL22,True,False,False,False,True,2
IL22RA1,False,True,False,False,True,2
IL23R,True,False,True,False,False,2
IL2RB,True,True,False,False,False,2
IL31RA,False,False,False,False,False,0
IL32,True,False,True,False,False,2
IL33,False,True,True,True,False,3
IL36B,False,True,True,False,True,3
IL36G,False,False,True,False,True,2
IL3RA,True,False,False,False,False,1
IL4,False,False,False,False,False,0
IL4R,False,True,False,True,True,3
IL5RA,False,False,False,False,False,0
IL6,True,True,True,True,False,4
IL7,False,False,False,False,True,1
IL9,False,False,False,True,False,1
IMPA1,False,False,False,False,False,0
INPP1,False,False,False,False,False,0
INPP5D,False,False,False,False,True,1
INPPL1,False,False,False,True,True,2
INSL5,True,False,False,True,False,2
IPCEF1,True,False,False,True,True,3
IQGAP2,False,True,True,True,True,4
IRAG2,False,False,False,False,False,0
IRAK1,False,False,False,True,True,2
IRAK1BP1,False,False,False,True,False,1
IRAK4,False,False,False,False,False,0
ISM1,False,False,True,False,False,1
ITCH,True,False,False,True,True,3
ITGA11,False,False,True,False,True,2
ITGAL,True,True,False,True,True,4
ITGAV,False,False,False,False,False,0
ITGB1BP2,False,False,True,True,False,2
ITGB6,False,False,False,False,False,0
ITGB7,True,True,True,True,False,4
ITM2A,True,False,False,True,False,2
ITPR1,True,True,True,True,True,5
JTB,False,False,False,True,False,1
KDR,False,False,True,True,True,3
KEL,True,True,False,True,False,3
KHK,False,False,False,False,False,0
KIAA0319,False,False,True,True,False,2
KIAA0319L,False,False,False,False,False,0
KIF22,False,True,True,True,True,4
KIF4A,True,True,True,True,True,5
KIFAP3,True,False,True,True,True,4
KIR2DL2_KIR2DL3,False,False,True,True,False,2
KIR3DL1,False,False,False,False,False,0
KITLG,False,False,False,False,False,0
KLB,False,False,False,False,False,0
KLHL41,True,False,True,True,True,4
KLK13,True,False,True,False,True,3
KLK15,False,False,False,True,False,1
KLRB1,False,True,True,False,False,2
KLRD1,False,False,False,False,False,0
KLRF1,True,False,False,False,False,1
KLRK1,False,True,True,False,False,2
KRT19,False,True,True,False,False,2
KRT5,False,False,False,False,True,1
KYAT1,False,False,False,False,False,0
KYNU,True,False,False,False,False,1
L1CAM,False,False,False,False,False,0
LAG3,False,False,False,False,False,0
LAIR2,True,True,True,False,True,4
LAMB1,True,True,False,False,True,3
LAMP3,False,False,False,True,False,1
LAT,True,False,False,True,True,3
LAT2,False,False,False,False,False,0
LATS1,False,False,False,True,True,2
LAYN,True,False,False,False,True,2
LCK,True,False,False,False,False,1
LCN15,True,True,True,True,True,5
LEFTY2,False,True,True,True,True,4
LGALS7,True,False,True,False,True,3
LIF,True,True,True,True,False,4
LIFR,False,False,True,True,False,2
LILRB4,False,False,True,False,False,1
LIPF,False,True,False,True,False,2
LMNB1,False,False,True,False,True,2
LMNB2,False,False,True,False,False,1
LMOD1,True,True,True,True,True,5
LPL,False,True,True,True,True,4
LPO,False,False,True,True,True,3
LRCH4,False,True,True,True,True,4
LRIG1,False,False,False,True,False,1
LRRC25,False,False,True,True,False,2
LRRC37A2,False,False,False,True,False,1
LRRFIP1,False,False,False,False,False,0
LRRN1,False,False,False,False,False,0
LTA4H,False,False,False,False,False,0
LTBP3,False,True,False,True,True,3
LTK,False,False,False,False,False,0
LUZP2,False,False,False,False,True,1
LXN,False,True,False,False,False,1
LY75,False,True,True,True,True,4
LY9,False,True,False,False,False,1
LY96,False,True,False,False,False,1
MAD1L1,False,False,False,True,True,2
MAFB,True,True,False,True,True,4
MAG,False,False,False,False,False,0
MAN1A2,False,True,True,True,True,4
MAP2K1,False,False,False,False,False,0
MAP2K6,False,False,False,False,False,0
MAP3K5,True,False,True,False,True,3
MAP4K5,True,True,True,True,True,5
MAPK9,False,False,False,False,False,0
MAPKAP1,False,True,True,True,True,4
MAPKAPK2,True,False,False,True,False,2
MAPT,False,False,False,True,False,1
MASP1,False,False,False,True,True,2
MATN3,False,False,False,True,True,2
MAVS,False,False,False,False,False,0
MCF2L,False,False,False,False,False,0
MDGA1,False,False,False,False,False,0
MECR,False,True,True,True,False,3
MEF2C,False,False,True,False,False,1
MELTF,False,False,False,False,False,0
MEP1A,False,False,True,False,True,2
METAP1D,False,False,False,False,False,0
METAP2,False,False,False,True,True,2
MICA_MICB,False,False,False,True,False,1
MILR1,True,False,True,False,False,2
MINDY2,False,False,False,False,False,0
MKI67,False,True,True,True,True,4
MKNK1,False,False,False,False,False,0
MLN,False,False,True,False,False,1
MME,True,False,True,True,True,4
MMP10,False,False,True,True,True,3
MMP12,False,False,True,False,True,2
MMP13,True,True,True,False,False,3
MOG,False,False,False,False,False,0
MORC3,True,True,True,True,True,5
MPP7,True,False,True,True,True,4
MPST,False,False,False,False,False,0
MS4A1,False,False,True,False,False,1
MSLN,True,False,True,False,True,3
MSTN,True,True,False,True,True,4
MTAP,False,False,False,False,False,0
MTDH,False,True,True,True,True,4
MUC13,True,False,True,True,False,3
MUC16,True,True,True,False,True,4
MUC20,False,False,False,False,False,0
MVK,False,False,False,False,False,0
MYL11,False,True,True,True,True,4
MYL3,True,True,True,False,True,4
MYO1E,True,True,True,True,True,5
MYO9B,True,True,True,True,True,5
NAAA,False,False,True,True,False,2
NACC1,False,False,False,False,False,0
NAGA,False,False,False,False,False,0
NAGK,False,False,False,False,False,0
NAPRT,False,False,False,False,False,0
NBEAL2,True,True,True,True,False,4
NBN,True,True,True,True,True,5
NCAN,False,False,False,False,False,0
NCF1C_NCF1,False,False,False,False,False,0
NCKIPSD,False,False,False,False,True,1
NCR1,False,False,False,False,False,0
NCR3,False,False,False,False,False,0
NCR3LG1,False,False,True,True,True,3
NCS1,False,False,False,False,False,0
NDRG1,False,False,False,False,False,0
NDUFA5,False,False,False,False,False,0
NDUFAF2,False,False,False,False,False,0
NDUFB7,True,True,True,True,True,5
NDUFS6,False,False,True,False,False,1
NECAB2,False,False,False,False,False,0
NEFL,True,False,True,False,True,3
NELL1,True,True,True,True,True,5
NEO1,False,False,True,False,False,1
NFAT5,False,True,False,True,True,3
NFATC1,True,False,False,False,True,2
NFATC3,True,True,True,True,False,4
NFKB1,False,False,False,False,True,1
NFKBIE,False,False,False,False,False,0
NFU1,False,False,False,False,False,0
NFX1,False,True,True,True,True,4
NHEJ1,False,True,True,True,True,4
NIT1,False,False,False,False,False,0
NLGN1,False,False,False,False,False,0
NMI,False,False,True,False,False,1
NOS1,True,False,True,True,True,4
NOS2,False,False,False,False,True,1
NOS3,True,True,True,False,False,3
NPHS1,False,False,False,False,False,0
NPM1,False,True,True,True,True,4
NPPC,False,False,False,True,True,2
NPTXR,False,False,False,False,False,0
NPY,False,False,True,False,False,1
NQO1,True,True,False,True,True,4
NRTN,False,True,True,True,False,3
NT5C1A,False,False,False,True,True,2
NTF3,True,True,False,True,True,4
NUB1,True,False,False,False,True,2
NUCB2,False,False,False,False,False,0
NUDC,False,False,False,False,False,0
NUDCD3,False,False,False,False,False,0
NUMB,False,False,False,False,False,0
NUP50,False,False,False,False,False,0
NXPH3,True,True,True,True,False,4
OBP2B,False,True,False,False,True,2
OCLN,True,True,False,True,True,4
ODAM,False,False,False,True,False,1
OGA,False,False,False,False,False,0
OGFR,False,False,False,False,False,0
OSM,False,False,False,False,True,1
OTUD7B,False,False,True,True,True,3
PADI2,False,False,False,False,False,0
PADI4,False,False,False,False,False,0
PAEP,True,False,True,False,False,2
PAG1,False,False,False,False,False,0
PALM,False,False,False,False,False,0
PALM2,False,False,True,False,False,1
PAPPA,True,True,False,False,False,2
PARP1,True,True,True,True,True,5
PBXIP1,True,True,True,True,True,5
PCBP2,False,False,False,False,False,0
PCDH12,True,True,True,True,True,5
PCDH7,True,False,False,False,False,1
PCDH9,False,False,False,False,False,0
PCDHB15,True,True,True,True,True,5
PCNA,False,False,False,False,False,0
PCSK7,True,False,False,True,False,2
PDCD1,True,True,True,True,False,4
PDCD1LG2,False,False,False,False,False,0
PDE4C,False,False,True,False,False,1
PDGFC,True,False,True,True,True,4
PDZK1,True,False,True,True,False,3
PER3,False,False,True,False,False,1
PFKFB2,False,False,False,False,False,0
PGF,False,True,True,True,True,4
PGLYRP3,False,False,True,False,True,2
PGM2,False,False,False,False,False,0
PGR,False,True,False,False,False,1
PHLDB1,False,True,False,True,True,3
PIK3AP1,False,False,False,True,False,1
PIKFYVE,False,True,True,True,True,4
PJA2,False,False,False,True,False,1
PKD2,False,True,True,True,False,3
PLA2G10,False,False,True,False,False,1
PLCG1,False,False,False,False,False,0
PLIN1,False,False,False,False,False,0
PLXNA4,False,False,True,False,False,1
PNLIPRP1,False,True,True,False,False,2
PNMA1,True,False,False,True,False,2
PNPT1,True,False,False,True,True,3
POF1B,False,False,True,False,False,1
POLR2F,False,False,True,True,False,2
POLR3F,True,True,True,True,True,5
POMC,True,True,True,True,True,5
PON2,False,False,False,False,False,0
PPIE,False,False,False,False,True,1
PPL,True,True,True,False,True,4
PPME1,False,False,False,False,False,0
PPP2R5A,False,False,False,False,False,0
PRDX1,False,False,False,True,True,2
PRDX6,False,False,False,False,False,0
PREB,False,False,True,True,True,3
PRELP,True,False,True,True,True,4
PRKAB1,False,False,False,True,False,1
PRKAR1B,False,False,False,False,False,0
PRKAR2A,False,False,False,False,False,0
PRKN,False,False,False,False,False,0
PRKRA,False,False,False,False,False,0
PROK1,True,False,False,False,False,1
PRRC1,False,False,False,False,False,0
PRRT3,False,False,False,False,False,0
PRTG,True,False,False,False,True,2
PSAPL1,True,False,True,False,True,3
PSIP1,False,True,True,True,True,4
PSMB11,False,False,True,True,True,3
PSMD1,False,False,False,True,False,1
PSMD5,False,False,False,False,True,1
PSMD9,True,False,True,False,False,2
PSME1,False,False,False,False,False,0
PSME2,False,False,False,False,False,0
PSMG3,False,False,False,False,False,0
PSMG4,False,False,False,False,False,0
PSPN,True,True,True,True,True,5
PSTPIP1,False,False,False,False,True,1
PTEN,False,False,True,False,True,2
PTGES2,False,False,False,False,False,0
PTH,False,False,False,True,False,1
PTH1R,False,False,False,False,True,1
PTK7,False,False,True,False,False,1
PTP4A3,True,False,False,False,False,1
PTPN1,False,False,True,True,False,2
PTPN11,False,False,True,True,True,3
PTPN14,True,True,True,True,True,5
PTPRB,False,True,False,False,True,2
PTPRK,False,False,False,False,True,1
PTPRN2,False,True,False,False,False,1
PTPRR,True,True,True,False,True,4
PTPRZ1,False,False,False,True,False,1
PXN,False,False,False,False,False,0
PYDC1,False,True,False,True,False,2
PYHIN1,False,True,False,True,True,3
RAB2B,False,False,False,False,False,0
RAB37,False,False,False,True,True,2
RAB3IL1,False,False,True,True,True,3
RAB44,False,True,False,False,False,1
RABGAP1L,False,False,True,False,False,1
RAET1L_ULBP2,False,False,False,True,False,1
RALB,False,True,True,False,True,3
RAMP2,False,False,False,True,False,1
RANBP2,True,True,True,True,True,5
RAP1GAP,False,False,False,False,False,0
RASGRP2,False,False,False,True,True,2
RBFOX3,False,False,False,False,False,0
RBKS,False,False,False,False,False,0
RBPMS,False,False,True,False,False,1
RC3H1,False,True,True,True,True,4
RECK,True,True,False,False,True,3
REG3G,True,False,False,True,False,2
RET,False,True,False,False,False,1
RFC4,True,True,True,True,True,5
RGCC,False,False,False,False,False,0
RGS8,False,False,False,False,True,1
RIGI,False,False,False,True,False,1
RILP,True,True,True,False,True,4
RIPK3,False,False,False,False,True,1
RNF135,True,True,False,False,True,3
RNF149,False,False,False,False,False,0
RNF213,True,True,True,True,True,5
RNF25,True,False,True,True,True,4
RNF41,False,False,True,True,True,3
ROBO2,False,False,False,True,False,1
RPH3A,False,False,False,False,True,1
RPL14,False,True,True,True,True,4
RSPO1,True,True,True,True,True,5
RSPO3,True,True,True,True,True,5
RTBDN,True,True,True,True,True,5
RTN4R,False,False,True,True,False,2
RYK,True,False,True,True,True,4
S100A11,False,False,False,False,True,1
S100A12,True,True,True,False,True,4
S100A13,False,True,True,True,True,4
S100A16,False,True,False,True,True,3
SAMD9L,False,True,True,True,True,4
SASH3,False,False,True,False,False,1
SAV1,False,False,True,True,True,3
SCAMP3,False,False,False,False,False,0
SCARB1,False,True,False,True,False,2
SCARB2,False,False,True,False,False,1
SCG2,False,False,False,False,False,0
SCGN,True,False,True,True,True,4
SCN4B,False,False,False,True,False,1
SCPEP1,True,False,False,True,False,2
SCRIB,False,False,False,False,False,0
SCRN1,False,False,False,False,False,0
SDHA,False,False,False,False,False,0
SDHAF4,False,False,False,False,False,0
SDHB,False,False,False,False,False,0
SEC13,False,False,False,False,False,0
SEL1L,False,False,True,False,False,1
SEPTIN8,False,True,False,True,True,3
SERPINB4,False,True,True,False,True,3
SERPINB5,False,False,True,True,False,2
SERPINB8,False,False,False,False,False,0
SERPINB9,False,False,False,False,False,0
SERPINI2,True,True,True,True,False,4
SETMAR,False,False,True,False,False,1
SEZ6,False,False,True,True,False,2
SEZ6L2,False,False,False,False,False,0
SFTPA2,False,False,True,False,False,1
SH2B3,False,False,False,False,False,0
SH2D1A,False,True,True,False,False,2
SH3PXD2B,True,True,False,True,True,4
SIGLEC10,False,False,True,False,False,1
SIGLEC6,False,False,True,False,False,1
SIGLEC7,False,False,False,False,False,0
SIGLEC8,True,False,True,False,True,3
SIGLEC9,False,False,False,False,True,1
SIKE1,False,False,False,False,False,0
SIL1,False,False,False,False,False,0
SIPA1,False,False,False,True,True,2
SIRT1,False,False,True,True,False,2
SIRT2,False,False,False,False,False,0
SIT1,False,False,False,False,False,0
SKAP1,False,False,True,False,False,1
SLA2,False,False,False,False,False,0
SLAMF7,False,True,False,False,False,1
SLAMF8,True,False,False,False,False,1
SLC16A1,False,False,True,False,False,1
SLIT2,True,True,True,True,True,5
SLITRK1,False,False,False,False,False,0
SLITRK2,False,True,False,True,True,3
SLITRK6,True,False,False,False,False,1
SLMAP,False,True,True,True,True,4
SMAD1,True,True,True,True,True,5
SMAD2,False,True,True,True,True,4
SMAD3,True,True,True,True,True,5
SMAD5,True,True,True,False,True,4
SMARCA4,True,True,True,True,True,5
SMPD1,False,False,False,False,False,0
SMURF1,False,True,False,True,True,3
SNAP25,False,False,False,False,False,0
SNCG,False,False,False,False,False,0
SNED1,True,True,True,True,True,5
SNX29,False,False,True,True,True,3
SNX5,False,False,False,False,True,1
SPATA2L,False,False,False,False,False,0
SPINK6,False,False,False,False,False,0
SPN,False,False,True,False,False,1
SPOCK1,False,True,True,True,True,4
SPRED2,False,False,False,False,False,0
SPRR3,True,True,True,True,True,5
SPRY2,True,False,True,False,True,3
SPTBN2,False,False,False,False,False,0
SRP14,False,False,True,True,True,3
SRPK2,False,False,False,True,True,2
SSB,False,False,True,False,False,1
ST3GAL1,False,False,False,False,False,0
STAMBP,False,False,False,True,False,1
STAT2,False,False,False,True,False,1
STK11,False,False,False,False,False,0
STK11IP,True,False,False,True,True,3
STK39,False,False,False,False,False,0
STX4,False,False,False,False,False,0
STX5,True,False,False,True,True,3
STX7,False,False,False,False,False,0
STX8,False,False,False,False,False,0
STXBP3,True,False,False,False,False,1
SULT2A1,False,False,False,False,False,0
SUMO1,False,False,False,False,False,0
SUSD4,False,False,False,False,False,0
SWAP70,False,False,False,False,False,0
SYT1,False,False,False,False,False,0
TAB2,True,True,False,True,True,4
TACSTD2,False,True,True,False,False,2
TAFA5,True,False,True,True,True,4
TARBP2,False,False,False,True,False,1
TARDBP,False,True,True,True,True,4
TAX1BP1,False,False,False,False,False,0
TCERG1,False,True,True,True,True,4
TCL1A,False,True,True,False,False,2
TDGF1,True,False,False,False,True,2
TFEB,False,True,True,True,True,4
TG,False,False,False,False,False,0
TGFA,False,False,False,True,False,1
TGFB1,False,True,False,False,False,1
TGFBR1,True,False,True,True,False,3
THPO,False,False,False,False,False,0
TIGAR,False,False,False,False,False,0
TIMP2,False,False,False,False,False,0
TK1,True,False,False,False,False,1
TLR1,True,False,True,False,True,3
TLR2,False,False,False,False,False,0
TLR3,True,True,False,True,True,4
TLR4,False,False,True,False,False,1
TMEM106A,False,False,False,False,False,0
TMEM25,True,True,True,False,False,3
TMPRSS11D,True,True,True,True,True,5
TMPRSS15,False,False,True,False,False,1
TMPRSS5,False,True,True,True,False,3
TNF,True,False,False,False,False,1
TNFAIP6,True,True,True,False,False,3
TNFAIP8,False,True,False,False,True,2
TNFRSF10A,False,False,True,True,False,2
TNFRSF10B,False,False,False,False,False,0
TNFRSF11A,False,False,True,False,False,1
TNFRSF11B,True,True,True,True,True,5
TNFRSF13B,False,False,True,True,False,2
TNFRSF13C,False,False,False,False,False,0
TNFRSF19,True,False,False,True,True,3
TNFRSF6B,False,False,True,True,False,2
TNFRSF9,False,False,True,True,True,3
TNFSF11,False,False,False,False,False,0
TNFSF12,False,True,True,True,True,4
TNFSF13,False,False,False,True,False,1
TNFSF14,False,False,True,True,False,2
TNFSF15,True,True,True,False,False,3
TNIP1,True,True,True,True,True,5
TNR,False,False,False,False,False,0
TOP2B,False,False,False,True,True,2
TP53,False,True,True,True,True,4
TP53BP1,False,False,False,False,False,0
TPMT,False,False,False,False,False,0
TPR,False,True,True,True,True,4
TPSAB1,False,False,False,False,False,0
TRIAP1,False,False,False,False,False,0
TRIM21,False,False,False,False,False,0
TRIM25,True,True,True,True,True,5
TRIM40,False,True,True,False,False,2
TRIM41,False,True,True,True,True,4
TRIM5,False,False,False,True,True,2
TRIM58,False,False,False,False,False,0
TRIP11,False,False,False,True,False,1
TSC22D3,False,False,False,False,False,0
TSLP,False,True,False,True,False,2
TXLNA,True,True,False,True,True,4
TYMS,False,False,False,False,False,0
UBA52,False,False,False,False,False,0
UBAC1,False,False,False,False,False,0
UBE2B,False,False,False,False,False,0
UBE2E2,False,False,False,True,False,1
UBE2Z,False,False,False,False,False,0
UBL4A,False,False,True,False,False,1
UBOX5,False,False,False,False,True,1
UBR2,False,False,False,True,False,1
UNG,True,True,True,True,True,5
USO1,False,False,False,False,False,0
USP8,True,True,False,True,True,4
VAMP8,True,False,True,True,True,4
VAV3,False,False,True,True,True,3
VEGFA,False,False,True,True,True,3
VEGFB,False,False,False,True,True,2
VEGFD,True,False,False,True,True,3
VGF,False,False,False,False,True,1
VNN2,False,False,False,False,True,1
VPS54,True,True,True,False,True,4
VRK3,False,True,True,True,True,4
VSIG10L,True,True,True,True,True,5
VSNL1,False,False,False,False,False,0
VWA1,True,False,True,True,True,4
VWC2,False,False,True,False,False,1
WAS,False,False,False,False,False,0
WASF3,True,True,True,True,True,5
WASL,False,True,False,True,True,3
WDR91,False,False,False,False,False,0
WFDC3,False,False,False,False,False,0
WIF1,True,True,True,True,True,5
WNT9A,False,False,True,False,False,1
WWP2,False,True,True,True,True,4
XCL1,False,False,True,False,False,1
XIAP,False,False,False,False,False,0
YES1,False,False,False,False,False,0
YOD1,False,False,False,False,False,0
ZBP1,False,False,False,False,False,0
ZBTB16,True,True,False,True,True,4
ZBTB17,False,True,True,True,True,4
ZC3H12A,True,False,False,True,True,3
ZC3H12D,False,False,False,False,True,1
ZER1,False,False,False,False,False,0
ZFAND2B,False,False,False,False,False,0
